"ses.mntd.ntaxa","ses.mntd.mntd.obs","ses.mntd.mntd.rand.mean","ses.mntd.mntd.rand.sd","ses.mntd.mntd.obs.rank","ses.mntd.mntd.obs.z","ses.mntd.mntd.obs.p","ses.mntd.runs","ses.mpd.ntaxa","ses.mpd.mpd.obs","ses.mpd.mpd.rand.mean","ses.mpd.mpd.rand.sd","ses.mpd.mpd.obs.rank","ses.mpd.mpd.obs.z","ses.mpd.mpd.obs.p","ses.mpd.runs","gamma","d.D","d.P(D=1)","d.P(D=0)","area","month","tree_size"
 6,0.28734855,0.3292147,0.05577768, 236.0,-0.750589836,0.235764236,1000, 6,0.35278473,0.4248765,0.06309843, 128.0, -1.142528042,0.127872128,1000, -2.458270524, 2.188101e+00, 9.020000e-01, 1.300000e-02,"Austria",2020-04-01, 82
 1,NA,NA,NA,NA,NA,NA,1000, 1,NA,NA,NA,NA,NA,NA,1000,NA,-1.606033e+00, 3.880000e-01, 5.400000e-01,"Belarus",2020-04-01, 82
 1,NA,NA,NA,NA,NA,NA,1000, 1,NA,NA,NA,NA,NA,NA,1000,NA, 1.746351e+01, 9.520000e-01, 5.100000e-02,"Belgium",2020-04-01, 82
 1,NA,NA,NA,NA,NA,NA,1000, 1,NA,NA,NA,NA,NA,NA,1000,NA,-2.138596e+00, 3.320000e-01, 6.010000e-01,"Bulgaria",2020-04-01, 82
 2,0.39214286,0.4237750,0.12776980, 355.0,-0.247571274,0.354645355,1000, 2,0.39214286,0.4238605,0.12662422, 372.5, -0.250485999,0.372127872,1000,NA, 5.342222e-01, 4.650000e-01, 3.790000e-01,"Cyprus",2020-04-01, 82
 1,NA,NA,NA,NA,NA,NA,1000, 1,NA,NA,NA,NA,NA,NA,1000,NA, 2.593513e+01, 3.550000e-01, 6.320000e-01,"Czech Republic",2020-04-01, 82
 5,0.25833632,0.3391684,0.05973385,  71.0,-1.353204137,0.070929071,1000, 5,0.34998801,0.4281862,0.07251207, 143.0, -1.078415842,0.142857143,1000, -1.081557216,-2.324920e+00, 0.000000e+00, 9.620000e-01,"Denmark",2020-04-01, 82
 4,0.26030959,0.3535476,0.07337443,  96.0,-1.270715927,0.095904096,1000, 4,0.32274899,0.4235844,0.08120774,  94.0, -1.241696650,0.093906094,1000, -0.557939293, 1.567675e-01, 2.600000e-01, 4.510000e-01,"Finland",2020-04-01, 82
 1,NA,NA,NA,NA,NA,NA,1000, 1,NA,NA,NA,NA,NA,NA,1000,NA,-7.746953e+00, 7.800000e-02, 8.360000e-01,"France",2020-04-01, 82
 3,0.52703078,0.3736334,0.08810017, 965.0, 1.741169579,0.964035964,1000, 3,0.60917011,0.4243773,0.09896767, 973.5,  1.867203265,0.972527473,1000, -0.959069472, 9.939169e-01, 5.340000e-01, 2.750000e-01,"Germany",2020-04-01, 82
 3,0.31941393,0.3742535,0.08592255, 304.0,-0.638243777,0.303696304,1000, 3,0.36992427,0.4249675,0.09723043, 284.0, -0.566110706,0.283716284,1000, -0.889567206, 2.458847e+00, 8.020000e-01, 9.800000e-02,"Greece",2020-04-01, 82
 2,0.25680527,0.4234692,0.12395938,  83.0,-1.344504642,0.082917083,1000, 2,0.25680527,0.4225291,0.12386464,  89.0, -1.337942831,0.088911089,1000,NA, 6.438962e-01, 4.850000e-01, 3.850000e-01,"Hungary",2020-04-01, 82
 4,0.13176876,0.3512655,0.07015287,   1.0,-3.128834772,0.000999001,1000, 4,0.43861097,0.4262733,0.08023041, 594.0,  0.153778117,0.593406593,1000,  1.131424871,-4.614581e-01, 1.520000e-01, 6.090000e-01,"Iceland",2020-04-01, 82
 2,0.28129543,0.4280566,0.12745482, 146.5,-1.151476261,0.146353646,1000, 2,0.28129543,0.4306336,0.13443998, 163.5, -1.110816367,0.163336663,1000,NA,-5.327822e-01, 2.800000e-01, 5.380000e-01,"Ireland",2020-04-01, 82
 4,0.17744853,0.3517456,0.07350352,   7.0,-2.371275032,0.006993007,1000, 4,0.28997425,0.4253282,0.08184629,  46.0, -1.653757421,0.045954046,1000, -0.496695338,-1.402434e+00, 3.000000e-02, 8.110000e-01,"Latvia",2020-04-01, 82
 2,0.11387849,0.4341919,0.13089497,   2.0,-2.447102657,0.001998002,1000, 2,0.11387849,0.4263162,0.12700754,   3.5, -2.459993008,0.003496503,1000,NA,-3.533615e+00, 2.000000e-03, 9.290000e-01,"Lithuania",2020-04-01, 82
 3,0.39920465,0.3724561,0.08661180, 628.0, 0.308832418,0.627372627,1000, 3,0.40844545,0.4245813,0.09568248, 493.0, -0.168639493,0.492507493,1000, -1.728868605, 4.586961e+00, 9.780000e-01, 1.100000e-02,"Luxembourg",2020-04-01, 82
 2,0.49877605,0.4318930,0.12841903, 755.0, 0.520818484,0.754245754,1000, 2,0.49877605,0.4289185,0.12616298, 780.5,  0.553709120,0.779720280,1000,NA, 5.332172e+00, 9.530000e-01, 3.300000e-02,"Netherlands",2020-04-01, 82
 3,0.22665475,0.3673318,0.08907674,  30.0,-1.579279108,0.029970030,1000, 3,0.23830547,0.4233517,0.09367704,  12.0, -1.975363493,0.011988012,1000, -1.314800148,-1.234138e-01, 2.640000e-01, 4.960000e-01,"Norway",2020-04-01, 82
 4,0.19802805,0.3490581,0.07184611,  10.0,-2.102132584,0.009990010,1000, 4,0.48562896,0.4249349,0.08005792, 722.0,  0.758127302,0.721278721,1000,  0.434935083,-4.231188e-02, 2.160000e-01, 5.220000e-01,"Poland",2020-04-01, 82
 2,0.41673302,0.4282942,0.12753561, 475.0,-0.090650804,0.474525475,1000, 2,0.41673302,0.4222914,0.12841189, 492.0, -0.043285263,0.491508492,1000,NA, 5.817170e-01, 4.710000e-01, 3.740000e-01,"Portugal",2020-04-01, 82
 3,0.26717381,0.3740581,0.08878619, 101.0,-1.203838643,0.100899101,1000, 3,0.36035626,0.4246555,0.09674255, 241.0, -0.664642932,0.240759241,1000, -0.129520782,-3.374282e+00, 1.000000e-03, 9.870000e-01,"Romania",2020-04-01, 82
 5,0.21034608,0.3413765,0.06445930,  16.0,-2.032761647,0.015984016,1000, 5,0.24638115,0.4236518,0.07016151,   4.0, -2.526608338,0.003996004,1000, -2.815704195, 5.087150e-01, 3.380000e-01, 3.320000e-01,"Russia",2020-04-01, 82
 2,0.27287452,0.4216619,0.12571008, 125.0,-1.183575303,0.124875125,1000, 2,0.27287452,0.4280240,0.12492551, 118.0, -1.241936009,0.117882118,1000,NA,-3.292841e-01, 3.370000e-01, 4.940000e-01,"Serbia",2020-04-01, 82
 1,NA,NA,NA,NA,NA,NA,1000, 1,NA,NA,NA,NA,NA,NA,1000,NA,-1.672364e+00, 3.780000e-01, 5.570000e-01,"Slovakia",2020-04-01, 82
 2,0.58413535,0.4241934,0.12606356, 820.0, 1.268740656,0.819180819,1000, 2,0.58413535,0.4206975,0.12332745, 826.5,  1.325235113,0.825674326,1000,NA,-1.864526e+00, 1.600000e-01, 6.960000e-01,"Slovenia",2020-04-01, 82
 1,NA,NA,NA,NA,NA,NA,1000, 1,NA,NA,NA,NA,NA,NA,1000,NA,-2.928179e+01, 3.200000e-02, 8.940000e-01,"Spain",2020-04-01, 82
 2,0.36497215,0.4233735,0.12343404, 300.5,-0.473138398,0.300199800,1000, 2,0.36497215,0.4207562,0.12727743, 330.0, -0.438287341,0.329670330,1000,NA, 1.829524e+00, 6.500000e-01, 2.630000e-01,"Sweden",2020-04-01, 82
 1,NA,NA,NA,NA,NA,NA,1000, 1,NA,NA,NA,NA,NA,NA,1000,NA,-1.222524e+01, 3.000000e-02, 8.870000e-01,"Switzerland",2020-04-01, 82
 4,0.36159908,0.3512292,0.07396152, 580.0, 0.140206922,0.579420579,1000, 4,0.48543355,0.4267693,0.07937538, 719.0,  0.739074044,0.718281718,1000,  0.515986256, 1.061511e-01, 2.450000e-01, 4.470000e-01,"Turkey",2020-04-01, 82
 2,0.34160472,0.4279801,0.12755219, 272.0,-0.677176567,0.271728272,1000, 2,0.34160472,0.4262635,0.12426995, 274.0, -0.681248714,0.273726274,1000,NA,-1.289278e+00, 1.680000e-01, 6.460000e-01,"Ukraine",2020-04-01, 82
 3,0.27700837,0.3736127,0.08619284, 119.0,-1.120792541,0.118881119,1000, 3,0.28320886,0.4255901,0.09537005,  74.0, -1.492934659,0.073926074,1000, -1.726818543,-1.920602e+00, 2.500000e-02, 8.300000e-01,"United Kingdom",2020-04-01, 82
 3,0.00913470,0.2536920,0.08575808,   1.0,-2.851711570,0.000999001,1000, 3,0.01449308,0.3038165,0.06754149,   1.0, -4.283640603,0.000999001,1000, -0.363150781,-1.092750e+00, 5.000000e-03, 8.320000e-01,"Austria",2020-02-01, 47
 1,NA,NA,NA,NA,NA,NA,1000, 1,NA,NA,NA,NA,NA,NA,1000,NA,-1.325016e+01, 2.370000e-01, 7.650000e-01,"Belgium",2020-02-01, 47
 1,NA,NA,NA,NA,NA,NA,1000, 1,NA,NA,NA,NA,NA,NA,1000,NA,-5.876298e+00, 2.430000e-01, 7.370000e-01,"Czech Republic",2020-02-01, 47
 2,0.16231048,0.3028566,0.10800905,  83.5,-1.301243809,0.083416583,1000, 2,0.16231048,0.3027571,0.11086363, 101.0, -1.266841319,0.100899101,1000,NA,-1.429272e+00, 3.100000e-02, 8.190000e-01,"Denmark",2020-02-01, 47
 1,NA,NA,NA,NA,NA,NA,1000, 1,NA,NA,NA,NA,NA,NA,1000,NA,-2.053109e+01, 1.700000e-02, 9.370000e-01,"Finland",2020-02-01, 47
 2,0.17070720,0.3052382,0.10739703, 204.0,-1.252650675,0.203796204,1000, 2,0.17070720,0.2966281,0.11248334, 236.0, -1.119462989,0.235764236,1000,NA,-7.728906e-01, 8.200000e-02, 6.590000e-01,"France",2020-02-01, 47
 2,0.11414452,0.2971440,0.11272576,  57.0,-1.623403864,0.056943057,1000, 2,0.11414452,0.3041814,0.10823712,  45.5, -1.755745441,0.045454545,1000,NA,-1.185466e+00, 5.900000e-02, 6.780000e-01,"Germany",2020-02-01, 47
 1,NA,NA,NA,NA,NA,NA,1000, 1,NA,NA,NA,NA,NA,NA,1000,NA,-1.013741e+01, 2.730000e-01, 7.430000e-01,"Greece",2020-02-01, 47
 1,NA,NA,NA,NA,NA,NA,1000, 1,NA,NA,NA,NA,NA,NA,1000,NA,-9.958687e-01, 4.560000e-01, 5.280000e-01,"Iceland",2020-02-01, 47
 3,0.22283972,0.2581863,0.08635309, 270.0,-0.409325872,0.269730270,1000, 3,0.29952906,0.2998077,0.07277809, 345.0, -0.003828567,0.344655345,1000,  0.046752127, 1.375546e+00, 7.000000e-01, 5.300000e-02,"Italy",2020-02-01, 47
 2,0.00674223,0.3012745,0.11014875,   6.5,-2.673949967,0.006493506,1000, 2,0.00674223,0.2991270,0.10958437,  10.5, -2.668124894,0.010489510,1000,NA, 8.089946e-01, 4.650000e-01, 2.920000e-01,"Luxembourg",2020-02-01, 47
 2,0.02122513,0.3082612,0.10507131,  13.0,-2.731821867,0.012987013,1000, 2,0.02122513,0.3034335,0.10743541,  17.0, -2.626772739,0.016983017,1000,NA,-1.803402e+00, 7.000000e-03, 8.620000e-01,"Netherlands",2020-02-01, 47
 5,0.04393450,0.2055049,0.05873027,   3.0,-2.751058693,0.002997003,1000, 5,0.09159064,0.3024290,0.04524603,   1.0, -4.659819168,0.000999001,1000,  2.897369882,-6.900356e-01, 0.000000e+00, 8.750000e-01,"Norway",2020-02-01, 47
 8,0.13570279,0.1688209,0.04507404, 246.0,-0.734749650,0.245754246,1000, 8,0.32168095,0.3002757,0.03402286, 692.0,  0.629143405,0.691308691,1000, -0.091052660, 5.040376e-01, 6.000000e-02, 1.160000e-01,"Spain",2020-02-01, 47
 4,0.08110726,0.2216341,0.06880047,  14.0,-2.042527657,0.013986014,1000, 4,0.16203118,0.3034864,0.05462228,  38.0, -2.589697766,0.037962038,1000,  9.735268188,-1.058733e+00, 0.000000e+00, 9.230000e-01,"Sweden",2020-02-01, 47
 2,0.04053409,0.3022021,0.10621971,  26.0,-2.463459827,0.025974026,1000, 2,0.04053409,0.3059038,0.10735912,  39.0, -2.471794515,0.038961039,1000,NA,-1.560077e+00, 1.200000e-02, 8.280000e-01,"Switzerland",2020-02-01, 47
 7,0.09469565,0.1781729,0.04759812,  45.0,-1.753792623,0.044955045,1000, 7,0.24066191,0.2996514,0.03760665,  78.0, -1.568592872,0.077922078,1000,  0.354851033, 6.368822e-01, 1.480000e-01, 9.100000e-02,"United Kingdom",2020-02-01, 47
 1,NA,NA,NA,NA,NA,NA,1000, 1,NA,NA,NA,NA,NA,NA,1000,NA,-2.032036e+00, 2.850000e-01, 7.440000e-01,"Andorra",2020-03-01, 68
 4,0.23579203,0.2366868,0.06749814, 497.0,-0.013255624,0.496503497,1000, 4,0.34582421,0.3022352,0.06632942, 713.0,  0.657159289,0.712287712,1000, -0.072634779,-1.731042e-01, 1.310000e-01, 5.650000e-01,"Austria",2020-03-01, 68
 2,0.33807386,0.2982928,0.10423332, 826.0, 0.381654478,0.825174825,1000, 2,0.33807386,0.2939457,0.10127406, 839.0,  0.435729928,0.838161838,1000,NA, 2.177067e+00, 7.590000e-01, 9.000000e-02,"Belgium",2020-03-01, 68
 3,0.30934071,0.2566530,0.07398666, 772.0, 0.712124676,0.771228771,1000, 3,0.31568261,0.2999424,0.07890880, 702.0,  0.199473006,0.701298701,1000, -1.725862615, 2.094591e-01, 2.880000e-01, 3.810000e-01,"Bosnia and Herzegovina",2020-03-01, 68
 2,0.31298370,0.2942866,0.10574899, 685.0, 0.176806761,0.684315684,1000, 2,0.31298370,0.3064220,0.10614976, 648.5,  0.061815826,0.647852148,1000,NA,-3.688265e-01, 2.850000e-01, 6.110000e-01,"Bulgaria",2020-03-01, 68
 1,NA,NA,NA,NA,NA,NA,1000, 1,NA,NA,NA,NA,NA,NA,1000,NA,-8.261603e-01, 4.500000e-01, 4.760000e-01,"Croatia",2020-03-01, 68
 4,0.03763420,0.2363334,0.06367900,   1.0,-3.120326018,0.000999001,1000, 4,0.07176864,0.2999482,0.06734170,   1.0, -3.388384030,0.000999001,1000, 17.275726717,-5.496787e-01, 2.900000e-02, 7.250000e-01,"Cyprus",2020-03-01, 68
 1,NA,NA,NA,NA,NA,NA,1000, 1,NA,NA,NA,NA,NA,NA,1000,NA,-1.334275e+00, 3.150000e-01, 7.290000e-01,"Czech Republic",2020-03-01, 68
 2,0.08591543,0.2950799,0.10730690,  31.0,-1.949217250,0.030969031,1000, 2,0.08591543,0.2999087,0.10214782,  21.0, -2.094937370,0.020979021,1000,NA, 8.375201e-01, 5.410000e-01, 2.030000e-01,"Denmark",2020-03-01, 68
 2,0.28576130,0.3014773,0.10744896, 481.0,-0.146264586,0.480519481,1000, 2,0.28576130,0.2960616,0.10287017, 483.0, -0.100129016,0.482517483,1000,NA, 4.153230e+00, 9.410000e-01, 4.000000e-03,"Finland",2020-03-01, 68
 3,0.09020627,0.2566986,0.07497606,  13.0,-2.220607231,0.012987013,1000, 3,0.11381902,0.2947328,0.07774662,   9.0, -2.326967026,0.008991009,1000, -1.722087279, 9.090135e-01, 5.200000e-01, 1.650000e-01,"France",2020-03-01, 68
 3,0.11719202,0.2581267,0.07779950,  30.0,-1.811511095,0.029970030,1000, 3,0.18380043,0.2987755,0.07857279,  37.0, -1.463294253,0.036963037,1000,  0.340767246, 2.044515e+00, 7.900000e-01, 5.000000e-02,"Germany",2020-03-01, 68
 2,0.27200009,0.3043075,0.10243549, 355.5,-0.315392616,0.355144855,1000, 2,0.27200009,0.3009310,0.10297079, 367.0, -0.280962282,0.366633367,1000,NA, 1.585666e+00, 6.790000e-01, 1.290000e-01,"Greece",2020-03-01, 68
 1,NA,NA,NA,NA,NA,NA,1000, 1,NA,NA,NA,NA,NA,NA,1000,NA,-8.354040e-01, 4.340000e-01, 4.940000e-01,"Hungary",2020-03-01, 68
 2,0.30205474,0.3014050,0.10277823, 605.5, 0.006321604,0.604895105,1000, 2,0.30205474,0.2994621,0.10340491, 579.0,  0.025072694,0.578421578,1000,NA, 2.915020e+00, 8.490000e-01, 4.300000e-02,"Ireland",2020-03-01, 68
 1,NA,NA,NA,NA,NA,NA,1000, 1,NA,NA,NA,NA,NA,NA,1000,NA, 7.483839e+00, 8.800000e-01, 5.200000e-02,"Italy",2020-03-01, 68
 1,NA,NA,NA,NA,NA,NA,1000, 1,NA,NA,NA,NA,NA,NA,1000,NA, 1.434980e+00, 6.360000e-01, 2.340000e-01,"Latvia",2020-03-01, 68
 3,0.20368308,0.2565068,0.07817282, 239.0,-0.675729423,0.238761239,1000, 3,0.24976463,0.2957046,0.07719853, 286.0, -0.595088846,0.285714286,1000, -0.135650803, 1.018930e-01, 2.280000e-01, 4.330000e-01,"Luxembourg",2020-03-01, 68
 2,0.09203291,0.3026285,0.10470153,  27.0,-2.011390141,0.026973027,1000, 2,0.09203291,0.2987238,0.10361957,  25.5, -1.994709136,0.025474525,1000,NA, 2.349351e-02, 3.660000e-01, 4.190000e-01,"Moldova",2020-03-01, 68
 1,NA,NA,NA,NA,NA,NA,1000, 1,NA,NA,NA,NA,NA,NA,1000,NA, 4.595697e+00, 8.250000e-01, 6.600000e-02,"Netherlands",2020-03-01, 68
 3,0.35307651,0.2576299,0.07686502, 899.0, 1.241743118,0.898101898,1000, 3,0.41974764,0.2992025,0.08021757, 887.0,  1.502727979,0.886113886,1000, -0.678064655, 3.629455e-01, 3.480000e-01, 3.320000e-01,"Norway",2020-03-01, 68
 4,0.37355514,0.2383993,0.06361076, 987.0, 2.124731552,0.986013986,1000, 4,0.42083205,0.2942510,0.06472450, 971.0,  1.955689632,0.970029970,1000, -1.252782442,-1.781113e-01, 1.010000e-01, 5.580000e-01,"Poland",2020-03-01, 68
 2,0.32927714,0.3040995,0.10488725, 778.5, 0.240045079,0.777722278,1000, 2,0.32927714,0.2991707,0.10114967, 787.0,  0.297642777,0.786213786,1000,NA,-4.827068e-01, 2.220000e-01, 6.490000e-01,"Portugal",2020-03-01, 68
 1,NA,NA,NA,NA,NA,NA,1000, 1,NA,NA,NA,NA,NA,NA,1000,NA,-2.468133e+00, 4.500000e-02, 9.410000e-01,"Russia",2020-03-01, 68
 2,0.29122578,0.3017387,0.10540210, 510.5,-0.099741007,0.509990010,1000, 2,0.29122578,0.2970400,0.10257465, 536.5, -0.056682606,0.535964036,1000,NA,-1.528516e+00, 4.700000e-02, 8.700000e-01,"Serbia",2020-03-01, 68
 1,NA,NA,NA,NA,NA,NA,1000, 1,NA,NA,NA,NA,NA,NA,1000,NA,-2.747920e+00, 1.800000e-02, 9.660000e-01,"Slovakia",2020-03-01, 68
 1,NA,NA,NA,NA,NA,NA,1000, 1,NA,NA,NA,NA,NA,NA,1000,NA, 1.550855e+00, 6.680000e-01, 2.010000e-01,"Spain",2020-03-01, 68
 7,0.14644197,0.1976316,0.04787840, 142.0,-1.069159728,0.141858142,1000, 7,0.28545352,0.2979835,0.04638712, 478.0, -0.270117122,0.477522478,1000, -0.798952235, 2.215868e+00, 9.630000e-01, 1.000000e-03,"Sweden",2020-03-01, 68
 2,0.49889241,0.3021409,0.10580383, 935.0, 1.859587424,0.934065934,1000, 2,0.49889241,0.2966332,0.10410313, 950.0,  1.942873503,0.949050949,1000,NA, 1.359143e+00, 6.240000e-01, 1.680000e-01,"Turkey",2020-03-01, 68
 1,NA,NA,NA,NA,NA,NA,1000, 1,NA,NA,NA,NA,NA,NA,1000,NA, 3.600240e+00, 7.680000e-01, 7.400000e-02,"Ukraine",2020-03-01, 68
 3,0.29677291,0.2615798,0.07724529, 689.0, 0.455601433,0.688311688,1000, 3,0.30568905,0.2944841,0.07729676, 665.0,  0.144959757,0.664335664,1000, -1.297881513, 8.451811e-01, 4.910000e-01, 1.840000e-01,"United Kingdom",2020-03-01, 68
 3,0.11512006,0.1337045,0.05524972, 509.0,-0.336372414,0.508491508,1000, 3,0.16353536,0.1685820,0.04098596, 450.0, -0.123130954,0.449550450,1000, -0.026418537, 5.006450e-01, 2.820000e-01, 2.700000e-01,"France",2020-01-01, 11
 4,0.01899730,0.1092829,0.04360591,  16.0,-2.070490814,0.015984016,1000, 4,0.03227120,0.1677517,0.02950032,   1.5, -4.592509244,0.001498501,1000,  1.227334031,-1.101664e+00, 2.000000e-03, 8.550000e-01,"Germany",2020-01-01, 11
 2,0.00020000,0.1712509,0.07192622,   9.0,-2.378143802,0.008991009,1000, 2,0.00020000,0.1698353,0.07215570,  11.5, -2.350961565,0.011488511,1000,NA,-1.653336e+00, 6.700000e-02, 7.670000e-01,"Italy",2020-01-01, 11
 1,NA,NA,NA,NA,NA,NA,1000, 1,NA,NA,NA,NA,NA,NA,1000,NA,-2.623084e+00, 1.710000e-01, 6.330000e-01,"Sweden",2020-01-01, 11
 1,NA,NA,NA,NA,NA,NA,1000, 1,NA,NA,NA,NA,NA,NA,1000,NA,-3.991020e+00, 0.000000e+00, 8.240000e-01,"United Kingdom",2020-01-01, 11
11,0.36652782,1.0852815,0.18993025,   1.0,-3.784303342,0.000999001,1000,11,0.69222032,1.7149363,0.11427739,   1.0, -8.949416551,0.000999001,1000,  1.177484026,-6.121869e-01, 0.000000e+00, 8.560000e-01,"Albania",2021-01-01,466
14,0.51380030,1.0249775,0.16487847,   2.0,-3.100327204,0.001998002,1000,14,1.69988836,1.7213089,0.09201402, 322.0, -0.232796549,0.321678322,1000, -0.900536494, 6.703235e-01, 1.900000e-01, 6.900000e-02,"Austria",2021-01-01,466
 9,1.26322521,1.1253723,0.22564756, 737.0, 0.610921440,0.736263736,1000, 9,1.52812007,1.7187939,0.12146492,  82.0, -1.569785068,0.081918082,1000, -3.039176229,-8.186736e-01, 0.000000e+00, 8.850000e-01,"Azerbaijan",2021-01-01,466
 2,1.96623523,1.7025019,0.47884900, 839.0, 0.550765035,0.838161838,1000, 2,1.96623523,1.7215677,0.45903058, 847.0,  0.533009232,0.846153846,1000,NA, 6.548973e-01, 5.110000e-01, 3.730000e-01,"Belarus",2021-01-01,466
 8,0.90291765,1.1739797,0.24042939, 125.0,-1.127408058,0.124875125,1000, 8,1.54599965,1.7253793,0.12944805,  82.0, -1.385727047,0.081918082,1000, -1.023327939, 1.612345e+00, 8.330000e-01, 1.500000e-02,"Belgium",2021-01-01,466
 9,1.20914020,1.1333575,0.22508106, 656.0, 0.336690556,0.655344655,1000, 9,1.75047377,1.7183388,0.12738975, 513.0,  0.252256746,0.512487512,1000, -2.194099397,-8.402088e-01, 0.000000e+00, 8.920000e-01,"Bosnia and Herzegovina",2021-01-01,466
11,0.57629052,1.0838338,0.19264708,   2.0,-2.634575488,0.001998002,1000,11,1.30763999,1.7143050,0.11005973,   6.0, -3.694948018,0.005994006,1000, -1.011175001, 2.036661e-01, 4.200000e-02, 3.790000e-01,"Bulgaria",2021-01-01,466
10,0.78120131,1.0931709,0.21563753,  70.0,-1.446731575,0.069930070,1000,10,1.62858558,1.7094435,0.12486456, 201.0, -0.647565290,0.200799201,1000, -0.609643352, 2.663047e-01, 8.000000e-02, 3.590000e-01,"Croatia",2021-01-01,466
10,0.43718376,1.0976502,0.20955324,   1.0,-3.151783557,0.000999001,1000,10,1.30916380,1.7138111,0.12045723,   7.0, -3.359261062,0.006993007,1000,  1.654632648,-2.187494e+00, 0.000000e+00, 9.990000e-01,"Cyprus",2021-01-01,466
13,0.69499961,1.0416306,0.17608315,  21.0,-1.968564150,0.020979021,1000,13,1.50006135,1.7172122,0.10565831,  46.0, -2.055217840,0.045954046,1000,  0.208562910, 4.741876e-01, 1.010000e-01, 1.730000e-01,"Czech Republic",2021-01-01,466
17,0.68464917,0.9901452,0.13679161,  10.0,-2.233295481,0.009990010,1000,17,1.56105476,1.7113695,0.08834037,  64.0, -1.701540888,0.063936064,1000, -0.711391450,-3.901839e-01, 0.000000e+00, 8.130000e-01,"Denmark",2021-01-01,466
 7,0.36130520,1.2153435,0.27446216,   1.0,-3.111679626,0.000999001,1000, 7,1.35186685,1.7142023,0.15282630,  29.0, -2.370897362,0.028971029,1000,  1.670085515,-2.335587e+00, 0.000000e+00, 9.890000e-01,"Estonia",2021-01-01,466
12,0.48130651,1.0591051,0.18499133,   1.0,-3.123382095,0.000999001,1000,12,1.33664432,1.7108770,0.10814611,   9.0, -3.460435713,0.008991009,1000,  1.299885575,-6.007920e-01, 0.000000e+00, 8.680000e-01,"Finland",2021-01-01,466
16,0.61970791,0.9959852,0.14303306,   5.0,-2.630701824,0.004995005,1000,16,1.58435803,1.7192385,0.08442295,  80.0, -1.597674927,0.079920080,1000, -0.323604513, 5.692457e-01, 1.020000e-01, 9.500000e-02,"France",2021-01-01,466
15,1.25106303,1.0058864,0.15866250, 940.0, 1.545271141,0.939060939,1000,15,1.82676894,1.7133569,0.09243151, 951.0,  1.226984140,0.950049950,1000, -3.572223564, 6.173987e-01, 1.580000e-01, 9.800000e-02,"Germany",2021-01-01,466
10,0.50876541,1.1105800,0.20535432,   2.0,-2.930615753,0.001998002,1000,10,1.37475731,1.7192354,0.12154810,  16.0, -2.834088438,0.015984016,1000,  0.680693321, 1.188621e+00, 6.630000e-01, 2.700000e-02,"Greece",2021-01-01,466
17,0.28843047,0.9896046,0.14188504,   1.0,-4.941846831,0.000999001,1000,17,1.28646134,1.7149194,0.09400594,   4.0, -4.557776518,0.003996004,1000,  0.908035361,-1.233320e+00, 0.000000e+00, 9.950000e-01,"Hungary",2021-01-01,466
 6,1.22044877,1.2626018,0.30495578, 459.0,-0.138226719,0.458541459,1000, 6,1.62539942,1.7070011,0.18006281, 261.0, -0.453184279,0.260739261,1000, -1.555079954,-4.975062e-03, 1.170000e-01, 5.300000e-01,"Iceland",2021-01-01,466
10,0.77222035,1.0999968,0.21119889,  61.0,-1.551980024,0.060939061,1000,10,1.23918815,1.7132944,0.12353339,   9.0, -3.837879338,0.008991009,1000,  0.882174155,-3.715748e-01, 0.000000e+00, 7.390000e-01,"Ireland",2021-01-01,466
 9,0.67703428,1.1409095,0.22623796,  18.0,-2.050386248,0.017982018,1000, 9,1.49878441,1.7214031,0.11367455,  56.0, -1.958386042,0.055944056,1000, -0.617268392, 5.873033e-01, 2.540000e-01, 2.040000e-01,"Italy",2021-01-01,466
14,0.53554455,1.0243071,0.16499623,   2.0,-2.962264985,0.001998002,1000,14,1.67565666,1.7123590,0.09851882, 285.0, -0.372540928,0.284715285,1000, -0.613777549, 7.276681e-02, 6.000000e-03, 4.550000e-01,"Kosovo",2021-01-01,466
15,0.86122876,1.0229409,0.15284551, 145.0,-1.058010063,0.144855145,1000,15,1.62343238,1.7138924,0.09266908, 147.0, -0.976161652,0.146853147,1000, -1.375943065,-2.469361e-01, 0.000000e+00, 7.040000e-01,"Latvia",2021-01-01,466
 2,1.93597406,1.7178613,0.46623435, 613.0, 0.467817958,0.612387612,1000, 2,1.93597406,1.7040402,0.48061558, 634.0,  0.482576667,0.633366633,1000,NA,-6.871670e-01, 3.410000e-01, 5.760000e-01,"Liechtenstein",2021-01-01,466
12,0.54546335,1.0609063,0.18802494,   2.0,-2.741354062,0.001998002,1000,12,0.97468868,1.7191422,0.10223042,   1.0, -7.282112905,0.000999001,1000,  0.366898834,-1.530189e+00, 0.000000e+00, 9.920000e-01,"Lithuania",2021-01-01,466
13,0.97581254,1.0606087,0.17085721, 310.0,-0.496298638,0.309690310,1000,13,1.74982598,1.7175255,0.09780091, 557.0,  0.330267632,0.556443556,1000, -2.369011176, 1.170962e+00, 6.680000e-01, 8.000000e-03,"Luxembourg",2021-01-01,466
 1,NA,NA,NA,NA,NA,NA,1000, 1,NA,NA,NA,NA,NA,NA,1000,NA,-9.311007e+00, 2.270000e-01, 7.680000e-01,"Monaco",2021-01-01,466
14,0.46211670,1.0254234,0.16525311,   1.0,-3.408750887,0.000999001,1000,14,1.54873153,1.7134184,0.09741700,  67.0, -1.690534754,0.066933067,1000,  0.887679886,-2.134886e-01, 0.000000e+00, 6.680000e-01,"Montenegro",2021-01-01,466
13,0.74604673,1.0369487,0.17099829,  45.0,-1.701197976,0.044955045,1000,13,1.54887125,1.7145409,0.10159422,  64.0, -1.630699432,0.063936064,1000, -1.427082544,-4.742758e-02, 4.000000e-03, 5.590000e-01,"Netherlands",2021-01-01,466
16,1.01289392,0.9936226,0.14174853, 546.0, 0.135954045,0.545454545,1000,16,1.77099523,1.7150728,0.08735199, 719.0,  0.640196229,0.718281718,1000, -3.254578828, 5.098843e-02, 2.000000e-03, 4.740000e-01,"North Macedonia",2021-01-01,466
16,0.71828814,0.9937026,0.15120438,  32.0,-1.821471530,0.031968032,1000,16,1.72989488,1.7180181,0.08788194, 469.0,  0.135144866,0.468531469,1000, -0.755659483,-6.381211e-01, 0.000000e+00, 9.210000e-01,"Norway",2021-01-01,466
14,0.63601020,1.0282174,0.15955535,   8.0,-2.458126306,0.007992008,1000,14,1.66868021,1.7144737,0.09917187, 263.0, -0.461758494,0.262737263,1000, -0.918071496, 1.140343e-01, 6.000000e-03, 4.220000e-01,"Poland",2021-01-01,466
 9,0.85060045,1.1333910,0.22821476, 115.0,-1.239142278,0.114885115,1000, 9,1.64022794,1.7223650,0.11612015, 212.0, -0.707345096,0.211788212,1000, -0.986455370, 2.636987e-01, 9.900000e-02, 3.320000e-01,"Portugal",2021-01-01,466
10,0.76393775,1.1014321,0.20057589,  46.0,-1.682626774,0.045954046,1000,10,1.56543440,1.7131878,0.12351277, 119.0, -1.196260239,0.118881119,1000, -0.693776911,-9.135742e-01, 0.000000e+00, 9.200000e-01,"Romania",2021-01-01,466
 9,1.20841993,1.1366108,0.22091069, 642.0, 0.325059446,0.641358641,1000, 9,1.60789581,1.7151779,0.13021885, 155.0, -0.823859612,0.154845155,1000, -2.865364400,-1.572166e-01, 6.000000e-03, 6.010000e-01,"Russia",2021-01-01,466
 9,0.72228187,1.1375547,0.22402606,  20.0,-1.853680875,0.019980020,1000, 9,1.58815737,1.7170218,0.13039579, 129.0, -0.988256193,0.128871129,1000, -1.014061631,-2.379522e-01, 5.000000e-03, 6.490000e-01,"Serbia",2021-01-01,466
11,0.30429345,1.0888599,0.18794990,   1.0,-4.174338090,0.000999001,1000,11,0.59460879,1.7134166,0.11238444,   1.0, -9.955184481,0.000999001,1000,  3.251563703,-7.071780e-01, 0.000000e+00, 8.880000e-01,"Slovakia",2021-01-01,466
 9,0.31809168,1.1386553,0.22937223,   1.0,-3.577432277,0.000999001,1000, 9,0.53021715,1.7159371,0.13011110,   1.0, -9.113134398,0.000999001,1000, -2.283549239,-2.662372e+00, 0.000000e+00, 1.000000e+00,"Slovenia",2021-01-01,466
 8,0.48879575,1.1740729,0.24608491,   5.0,-2.784718206,0.004995005,1000, 8,1.36463273,1.7243757,0.13327631,  24.0, -2.699226557,0.023976024,1000,  0.260910195,-3.742276e-01, 1.200000e-02, 7.180000e-01,"Spain",2021-01-01,466
10,0.41754391,1.1051426,0.20733015,   1.0,-3.316443200,0.000999001,1000,10,0.94449348,1.7159565,0.12022058,   2.0, -6.417062445,0.001998002,1000, -1.150662232,-1.220641e+00, 0.000000e+00, 9.640000e-01,"Sweden",2021-01-01,466
13,0.80739375,1.0363114,0.16886581,  85.0,-1.355618371,0.084915085,1000,13,1.73327071,1.7175222,0.09876663, 485.0,  0.159451582,0.484515485,1000, -1.710236012, 7.322271e-01, 2.690000e-01, 8.200000e-02,"Switzerland",2021-01-01,466
 9,1.11420160,1.1318448,0.22720540, 474.0,-0.077653215,0.473526474,1000, 9,1.54540514,1.7120188,0.13214619, 116.0, -1.260828367,0.115884116,1000, -1.050592778, 9.604424e-01, 4.980000e-01, 6.600000e-02,"Turkey",2021-01-01,466
11,0.92089134,1.0825076,0.19931702, 221.0,-0.810850408,0.220779221,1000,11,1.60602084,1.7158342,0.11189533, 149.0, -0.981393481,0.148851149,1000, -2.116529633,-1.220236e+00, 0.000000e+00, 9.780000e-01,"Ukraine",2021-01-01,466
12,0.68069453,1.0630873,0.18434483,  14.0,-2.074334012,0.013986014,1000,12,0.93371178,1.7125373,0.10439274,   1.0, -7.460533570,0.000999001,1000, -0.539950179, 2.549256e-01, 3.700000e-02, 3.270000e-01,"United Kingdom",2021-01-01,466
 9,1.12825513,1.0802259,0.22035189, 603.0, 0.217966159,0.602397602,1000, 9,1.61347226,1.6678572,0.22332823, 336.0, -0.243520133,0.335664336,1000, -1.082019645, 3.970268e-01, 2.010000e-01, 3.030000e-01,"Austria",2021-02-01,385
 3,1.15578913,1.4288914,0.55024729, 493.0,-0.496326362,0.492507493,1000, 3,1.65390624,1.6554765,0.47140261, 499.0, -0.003330974,0.498501499,1000,  0.352556120, 9.814611e-02, 3.600000e-01, 4.510000e-01,"Belarus",2021-02-01,385
12,0.72306550,1.0215703,0.17851980,  51.0,-1.672110582,0.050949051,1000,12,1.73749052,1.6711410,0.20216293, 572.0,  0.328198428,0.571428571,1000, -0.877892935, 2.021363e-01, 5.000000e-02, 3.930000e-01,"Belgium",2021-02-01,385
 6,1.21429045,1.1681371,0.30530495, 543.0, 0.151171238,0.542457542,1000, 6,1.92209590,1.6534555,0.30503249, 815.0,  0.880694219,0.814185814,1000, -1.673201940, 1.651225e+00, 7.340000e-01, 7.200000e-02,"Bosnia and Herzegovina",2021-02-01,385
10,0.87583794,1.0608383,0.20636147, 187.0,-0.896487169,0.186813187,1000,10,1.36756478,1.6636442,0.21608571, 128.0, -1.370194477,0.127872128,1000, -0.520692534,-5.455236e-01, 1.000000e-03, 8.030000e-01,"Bulgaria",2021-02-01,385
16,0.64061554,0.9653644,0.14494888,  11.0,-2.240436953,0.010989011,1000,16,1.70781148,1.6717215,0.17027168, 541.0,  0.211955232,0.540459540,1000, -0.714575403, 2.735108e-01, 2.700000e-02, 3.040000e-01,"Croatia",2021-02-01,385
12,0.31850144,1.0172896,0.17975640,   1.0,-3.887417616,0.000999001,1000,12,0.57035617,1.6668074,0.19781147,   1.0, -5.542910513,0.000999001,1000,  1.527318393,-5.728588e-01, 0.000000e+00, 8.170000e-01,"Czech Republic",2021-02-01,385
15,0.36714139,0.9773483,0.15992662,   1.0,-3.815543086,0.000999001,1000,15,1.19067170,1.6748126,0.17112839,  11.0, -2.829108986,0.010989011,1000,  1.532429112,-5.670205e-01, 0.000000e+00, 8.550000e-01,"Denmark",2021-02-01,385
14,1.13498075,0.9856466,0.16284160, 825.0, 0.917051444,0.824175824,1000,14,1.92076802,1.6669793,0.18106928, 958.0,  1.401611090,0.957042957,1000, -2.480124831, 7.804168e-02, 1.100000e-02, 4.590000e-01,"Estonia",2021-02-01,385
 5,0.21348551,1.2253599,0.36459811,   1.0,-2.775314325,0.000999001,1000, 5,0.25117073,1.6644407,0.30786592,   1.0, -4.590537216,0.000999001,1000, -1.934746169,-4.744029e+00, 0.000000e+00, 1.000000e+00,"Finland",2021-02-01,385
 9,1.15614982,1.0793533,0.21659747, 655.0, 0.354558481,0.654345654,1000, 9,1.84786999,1.6571123,0.24428346, 774.0,  0.780886545,0.773226773,1000, -1.357899703, 7.620771e-01, 3.770000e-01, 1.590000e-01,"France",2021-02-01,385
14,0.67522185,0.9954008,0.16453764,  26.0,-1.945931272,0.025974026,1000,14,1.71407146,1.6541443,0.18171653, 589.0,  0.329784020,0.588411588,1000, -1.222157972, 1.307305e+00, 7.510000e-01, 1.200000e-02,"Germany",2021-02-01,385
 6,0.61450056,1.1802637,0.31041294,  19.0,-1.822614554,0.018981019,1000, 6,1.64074587,1.6677652,0.29594423, 352.0, -0.091298768,0.351648352,1000,  0.417969807, 6.724509e-01, 4.110000e-01, 2.450000e-01,"Greece",2021-02-01,385
14,0.53216689,0.9865462,0.16622820,   4.0,-2.733467237,0.003996004,1000,14,1.45560875,1.6709334,0.18326535, 113.0, -1.174933903,0.112887113,1000,  0.685789459,-1.371681e+00, 0.000000e+00, 9.860000e-01,"Hungary",2021-02-01,385
 6,0.74449297,1.1696116,0.30729639,  77.0,-1.383415572,0.076923077,1000, 6,1.08518853,1.6523222,0.29488694,  55.0, -1.923224075,0.054945055,1000, -0.015172008,-9.822951e-01, 9.000000e-03, 8.390000e-01,"Ireland",2021-02-01,385
 5,1.45703543,1.2302842,0.35614372, 768.0, 0.636684602,0.767232767,1000, 5,1.85770592,1.6655030,0.31460586, 646.0,  0.610932321,0.645354645,1000, -1.589931397, 1.443485e+00, 6.850000e-01, 1.200000e-01,"Italy",2021-02-01,385
 9,0.81076625,1.0811573,0.20639378, 105.0,-1.310073659,0.104895105,1000, 9,1.37739713,1.6571228,0.23335640,  92.0, -1.198705968,0.091908092,1000, -0.329355292,-5.895177e-01, 5.000000e-03, 7.700000e-01,"Latvia",2021-02-01,385
 4,1.58642085,1.3122708,0.44925541, 736.0, 0.610232109,0.735264735,1000, 4,1.91647610,1.6543796,0.39444913, 738.0,  0.664462220,0.737262737,1000, -1.503435138, 6.260028e-01, 4.400000e-01, 3.450000e-01,"Liechtenstein",2021-02-01,385
 8,0.71420374,1.0979064,0.24354016,  59.0,-1.575521006,0.058941059,1000, 8,1.05986506,1.6699082,0.24189666,  28.0, -2.521916468,0.027972028,1000,  0.038415130,-1.894533e+00, 0.000000e+00, 9.800000e-01,"Lithuania",2021-02-01,385
 9,0.39181361,1.0902927,0.22110528,   3.0,-3.159033944,0.002997003,1000, 9,0.81688987,1.6556408,0.23296843,   4.0, -3.600277151,0.003996004,1000,  1.507714345,-1.385672e+00, 0.000000e+00, 9.580000e-01,"Luxembourg",2021-02-01,385
 5,1.20742844,1.2224336,0.34387430, 587.0,-0.043635593,0.586413586,1000, 5,1.87619448,1.6582654,0.34029203, 665.0,  0.640417927,0.664335664,1000, -0.931145801, 2.510608e+00, 8.680000e-01, 5.600000e-02,"Monaco",2021-02-01,385
18,0.78449694,0.9399284,0.14042345, 141.0,-1.106876664,0.140859141,1000,18,1.53179702,1.6629439,0.16521415, 214.0, -0.793799198,0.213786214,1000, -0.880395654, 1.634711e-01, 6.000000e-03, 3.790000e-01,"Netherlands",2021-02-01,385
12,0.59470019,1.0219335,0.18347649,  10.0,-2.328544925,0.009990010,1000,12,1.35509833,1.6742441,0.19902413,  59.0, -1.603553255,0.058941059,1000,  0.645556656,-3.929344e-01, 0.000000e+00, 7.640000e-01,"North Macedonia",2021-02-01,385
11,1.02789251,1.0320866,0.18968480, 506.0,-0.022110752,0.505494505,1000,11,1.75759788,1.6683739,0.19511014, 625.0,  0.457300415,0.624375624,1000, -1.528736345, 1.356856e+00, 7.490000e-01, 1.100000e-02,"Norway",2021-02-01,385
11,1.13586644,1.0352527,0.18545687, 710.0, 0.542518374,0.709290709,1000,11,1.78525166,1.6723622,0.20167639, 696.0,  0.559755371,0.695304695,1000, -1.937229087,-7.194283e-01, 0.000000e+00, 8.470000e-01,"Poland",2021-02-01,385
16,0.96955039,0.9626000,0.14918186, 523.0, 0.046589997,0.522477522,1000,16,1.64009482,1.6670758,0.16407673, 375.0, -0.164441213,0.374625375,1000, -0.974391477,-2.570904e-01, 0.000000e+00, 7.080000e-01,"Portugal",2021-02-01,385
12,0.93685004,1.0097947,0.17298682, 350.0,-0.421677710,0.349650350,1000,12,1.75678768,1.6590420,0.20218268, 639.0,  0.483452092,0.638361638,1000, -1.128344271, 2.247338e-01, 5.800000e-02, 3.720000e-01,"Romania",2021-02-01,385
19,0.64227627,0.9247420,0.13411297,  15.0,-2.106177364,0.014985015,1000,19,1.56036270,1.6615358,0.15478196, 243.0, -0.653649456,0.242757243,1000, -1.900275621,-1.356784e+00, 0.000000e+00, 9.940000e-01,"Russia",2021-02-01,385
10,0.72395490,1.0624119,0.20230810,  46.0,-1.672977935,0.045954046,1000,10,1.25464067,1.6719937,0.21391109,  40.0, -1.951058527,0.039960040,1000,  1.967556341,-1.553615e+00, 0.000000e+00, 9.720000e-01,"Serbia",2021-02-01,385
14,0.51512718,0.9891318,0.16687791,   3.0,-2.840427668,0.002997003,1000,14,1.03448743,1.6682584,0.18372670,   3.0, -3.449530853,0.002997003,1000, -0.150715782,-2.236955e-01, 0.000000e+00, 6.810000e-01,"Slovakia",2021-02-01,385
14,0.48372467,0.9939336,0.16448697,   2.0,-3.101819887,0.001998002,1000,14,0.82182169,1.6535241,0.19341920,   1.0, -4.299998963,0.000999001,1000, -0.115041331,-1.207580e+00, 0.000000e+00, 9.820000e-01,"Slovenia",2021-02-01,385
 5,1.43209833,1.2106554,0.36303625, 742.0, 0.609974773,0.741258741,1000, 5,1.89311803,1.6546706,0.33656071, 725.0,  0.708482781,0.724275724,1000, -1.514718779,-2.878292e-02, 1.830000e-01, 4.890000e-01,"Spain",2021-02-01,385
10,0.72919364,1.0504290,0.20037531,  46.0,-1.603168216,0.045954046,1000,10,1.62485722,1.6689827,0.20653290, 361.0, -0.213648490,0.360639361,1000, -0.128347468, 6.091288e-01, 2.550000e-01, 1.910000e-01,"Sweden",2021-02-01,385
13,0.78962642,0.9969539,0.16993247, 121.0,-1.220058334,0.120879121,1000,13,1.35353220,1.6692170,0.18058741,  58.0, -1.748099525,0.057942058,1000, -0.867924089, 4.261605e-01, 1.110000e-01, 2.370000e-01,"Switzerland",2021-02-01,385
 6,1.64802544,1.1860933,0.31434618, 917.0, 1.469501355,0.916083916,1000, 6,2.00829104,1.6738768,0.28629565, 956.0,  1.168072937,0.955044955,1000, -2.492885697, 4.886431e-01, 3.250000e-01, 3.400000e-01,"Turkey",2021-02-01,385
13,0.31597532,1.0112363,0.17006793,   1.0,-4.088137036,0.000999001,1000,13,0.50924555,1.6719816,0.18700266,   1.0, -6.217751455,0.000999001,1000, -2.492438216,-5.090319e-01, 0.000000e+00, 8.270000e-01,"Ukraine",2021-02-01,385
10,0.53443936,1.0526038,0.20076243,   3.0,-2.580983059,0.002997003,1000,10,0.61299510,1.6776291,0.21691967,   2.0, -4.907964360,0.001998002,1000, -4.286275271, 1.510397e-01, 8.100000e-02, 4.290000e-01,"United Kingdom",2021-02-01,385
17,0.45894885,0.8632331,0.12335781,   1.0,-3.277329713,0.000999001,1000,17,0.82303559,1.2388596,0.20123361,   2.0, -2.066374758,0.001998002,1000, -2.516934641, 2.438519e-01, 1.400000e-02, 3.910000e-01,"Austria",2021-04-01,259
15,0.64333261,0.8732605,0.12673787,  26.0,-1.814200650,0.025974026,1000,15,0.88798148,1.2590229,0.21547896,  70.0, -1.721938039,0.069930070,1000, -4.224637175,-4.102764e-01, 1.000000e-03, 7.750000e-01,"Belgium",2021-04-01,259
10,0.71368576,0.9202954,0.16355699,  90.0,-1.263227383,0.089910090,1000,10,0.97749427,1.2558782,0.26792356, 205.0, -1.039042542,0.204795205,1000, -0.367966605,-1.217796e+00, 0.000000e+00, 9.360000e-01,"Czech Republic",2021-04-01,259
12,0.34749342,0.9011922,0.14407334,   1.0,-3.843172739,0.000999001,1000,12,0.90904441,1.2482958,0.24814782, 167.0, -1.367134058,0.166833167,1000,  2.103574711,-1.993767e+00, 0.000000e+00, 9.890000e-01,"Estonia",2021-04-01,259
11,1.02521677,0.9150328,0.15330961, 754.0, 0.718702000,0.753246753,1000,11,1.43626477,1.2352216,0.24875088, 831.0,  0.808210732,0.830169830,1000, -1.117528801, 1.349182e+00, 7.700000e-01, 2.600000e-02,"France",2021-04-01,259
15,0.76337194,0.8767242,0.12939457, 189.0,-0.876020283,0.188811189,1000,15,1.00973719,1.2483295,0.21622887,  99.0, -1.103424780,0.098901099,1000, -2.836631387, 6.192444e-01, 1.720000e-01, 1.800000e-01,"Germany",2021-04-01,259
 5,1.31865746,0.9861406,0.23024681, 906.0, 1.444175809,0.905094905,1000, 5,1.87357358,1.2640213,0.39035998, 908.0,  1.561513135,0.907092907,1000, -0.514442050, 3.215071e-01, 2.500000e-01, 3.750000e-01,"Greece",2021-04-01,259
13,0.68287949,0.8881102,0.14303189,  62.0,-1.434859920,0.061938062,1000,13,0.84145423,1.2538835,0.23650420,   5.0, -1.743856004,0.004995005,1000, -4.363418127, 6.205404e-01, 1.930000e-01, 2.020000e-01,"Ireland",2021-04-01,259
11,0.91015655,0.9107871,0.14954659, 528.0,-0.004216323,0.527472527,1000,11,1.31172853,1.2351588,0.25892084, 571.0,  0.295726261,0.570429570,1000, -1.050658037, 3.477282e-01, 8.400000e-02, 3.350000e-01,"Italy",2021-04-01,259
 5,0.62947577,0.9978334,0.24196783,  17.0,-1.522341170,0.016983017,1000, 5,1.24118658,1.2608441,0.39670478, 469.0, -0.049552120,0.468531469,1000,  1.523585441, 5.748643e-02, 1.460000e-01, 4.490000e-01,"Lithuania",2021-04-01,259
12,0.49869256,0.8972968,0.14244462,   1.0,-2.798310502,0.000999001,1000,12,0.83134447,1.2472080,0.24391847,   3.0, -1.704928498,0.002997003,1000, -2.788653697,-1.227307e+00, 0.000000e+00, 9.570000e-01,"Netherlands",2021-04-01,259
12,0.30273566,0.9084435,0.14930926,   1.0,-4.056732834,0.000999001,1000,12,0.68357190,1.2479446,0.24091418,   1.0, -2.342629673,0.000999001,1000, -0.732666451,-1.016552e+00, 0.000000e+00, 9.080000e-01,"Norway",2021-04-01,259
 8,0.73476301,0.9462248,0.18350002, 102.0,-1.152380057,0.101898102,1000, 8,0.85232982,1.2255153,0.28974659,  60.0, -1.287971882,0.059940060,1000, -3.280141102, 1.356532e+00, 7.320000e-01, 4.600000e-02,"Poland",2021-04-01,259
10,0.56785964,0.9223992,0.15948525,   3.0,-2.223024152,0.002997003,1000,10,0.84726812,1.2306173,0.27028320,  17.0, -1.418324262,0.016983017,1000, -2.758021007,-5.403972e-01, 1.000000e-03, 7.520000e-01,"Portugal",2021-04-01,259
 9,1.00440963,0.9291410,0.16829961, 708.0, 0.447230284,0.707292707,1000, 9,1.51380861,1.2342248,0.27596381, 861.0,  1.013117809,0.860139860,1000, -2.056627389, 1.620132e-01, 7.400000e-02, 4.210000e-01,"Romania",2021-04-01,259
 4,0.39684872,1.0217489,0.27437223,   1.0,-2.277563517,0.000999001,1000, 4,1.27811583,1.2537505,0.43717962, 546.0,  0.055732906,0.545454545,1000,  0.670029158,-2.686396e+00, 0.000000e+00, 9.900000e-01,"Russia",2021-04-01,259
13,0.62492916,0.8936729,0.13595755,  12.0,-1.976673629,0.011988012,1000,13,1.03340298,1.2454791,0.22479124, 126.0, -0.943435917,0.125874126,1000, -0.700416999,-8.660782e-01, 0.000000e+00, 8.680000e-01,"Slovakia",2021-04-01,259
12,0.72010977,0.8972805,0.14435339, 102.0,-1.227340118,0.101898102,1000,12,1.07020757,1.2528220,0.24615579, 173.0, -0.741865451,0.172827173,1000, -0.860983832, 6.126182e-01, 2.020000e-01, 2.030000e-01,"Slovenia",2021-04-01,259
15,1.02517803,0.8715332,0.12527645, 895.0, 1.226446047,0.894105894,1000,15,1.36006879,1.2371076,0.21327830, 695.0,  0.576529537,0.694305694,1000, -2.127570588, 1.188062e+00, 6.820000e-01, 1.900000e-02,"Spain",2021-04-01,259
 9,0.60090391,0.9366020,0.17581306,  12.0,-1.909403382,0.011988012,1000, 9,0.86358767,1.2316499,0.27685990,  82.0, -1.329416891,0.081918082,1000, -3.023402894, 1.216362e+00, 6.700000e-01, 5.400000e-02,"Sweden",2021-04-01,259
16,0.73929656,0.8648289,0.12135253, 141.0,-1.034443945,0.140859141,1000,16,1.05619619,1.2548114,0.20638510, 175.0, -0.962352522,0.174825175,1000, -2.403152983,-4.625848e-02, 1.000000e-03, 5.970000e-01,"Switzerland",2021-04-01,259
 9,0.40870977,0.9300949,0.17333195,   1.0,-3.008015074,0.000999001,1000, 9,1.04411081,1.2510229,0.29247235, 271.0, -0.707458505,0.270729271,1000,  2.124351877,-2.036527e+00, 0.000000e+00, 9.980000e-01,"Turkey",2021-04-01,259
16,0.75815972,0.8700721,0.12260972, 192.0,-0.912752595,0.191808192,1000,16,1.06355092,1.2363731,0.20937832, 226.0, -0.825406213,0.225774226,1000, -2.686212241, 5.277996e-01, 9.300000e-02, 2.130000e-01,"United Kingdom",2021-04-01,259
 3,0.75010884,0.6470986,0.09422237, 890.5, 1.093267725,0.889610390,1000, 3,0.77281084,0.6915133,0.07471633, 896.5,  1.088082820,0.895604396,1000, -1.731454653, 1.098382e+00, 5.750000e-01, 3.040000e-01,"Austria",2020-06-01, 67
 3,0.61583696,0.6484887,0.09105353, 294.0,-0.358599536,0.293706294,1000, 3,0.62149672,0.6929570,0.07281846, 183.0, -0.981348051,0.182817183,1000, -1.605021877, 3.190879e+00, 8.020000e-01, 1.320000e-01,"Belgium",2020-06-01, 67
 3,0.25466779,0.6427939,0.09739219,   6.0,-3.985187011,0.005994006,1000, 3,0.50555926,0.6872310,0.07789773,  28.0, -2.332182709,0.027972028,1000,  2.132356980,-1.316535e+00, 1.600000e-01, 6.990000e-01,"Czech Republic",2020-06-01, 67
 2,0.50719972,0.6948189,0.10151093,  40.5,-1.848265614,0.040459540,1000, 2,0.50719972,0.6993267,0.08773460,  24.0, -2.189865904,0.023976024,1000,NA, 2.634813e+00, 6.880000e-01, 2.770000e-01,"Denmark",2020-06-01, 67
 3,0.31601156,0.6461822,0.09286505,  14.0,-3.555380686,0.013986014,1000, 3,0.53292687,0.6942355,0.06996619,  22.0, -2.305522437,0.021978022,1000,  1.144902908,-3.496160e+00, 1.700000e-02, 9.050000e-01,"France",2020-06-01, 67
 2,0.76685980,0.6899521,0.10396624, 759.0, 0.739737284,0.758241758,1000, 2,0.76685980,0.6843609,0.10866301, 780.0,  0.759218053,0.779220779,1000,NA, 7.756748e+00, 9.410000e-01, 3.800000e-02,"Germany",2020-06-01, 67
 3,0.64549462,0.6459599,0.09373145, 451.0,-0.004963662,0.450549451,1000, 3,0.69252864,0.6893600,0.07335750, 421.0,  0.043193977,0.420579421,1000, -1.290145152,-2.961343e+00, 5.000000e-02, 8.190000e-01,"Ireland",2020-06-01, 67
 1,NA,NA,NA,NA,NA,NA,1000, 1,NA,NA,NA,NA,NA,NA,1000,NA, 8.701527e+00, 5.840000e-01, 4.150000e-01,"Lithuania",2020-06-01, 67
 6,0.22825269,0.5969328,0.06826239,   1.0,-5.400926739,0.000999001,1000, 6,0.51570176,0.6881496,0.04635338,   3.0, -3.720286631,0.002997003,1000,  0.308991162,-2.355223e+00, 1.000000e-03, 9.690000e-01,"Luxembourg",2020-06-01, 67
 3,0.60453014,0.6461963,0.09807804, 224.0,-0.424826383,0.223776224,1000, 3,0.62131916,0.6964519,0.07215982, 174.0, -1.041199291,0.173826174,1000, -1.543776145,-2.639025e+00, 6.100000e-02, 8.620000e-01,"Moldova",2020-06-01, 67
 2,0.73091649,0.6959747,0.10016856, 520.5, 0.348829695,0.519980020,1000, 2,0.73091649,0.6890602,0.10255152, 536.5,  0.408148440,0.535964036,1000,NA, 1.307184e+00, 5.870000e-01, 3.410000e-01,"Netherlands",2020-06-01, 67
 3,0.59736600,0.6495571,0.09155309, 209.0,-0.570063749,0.208791209,1000, 3,0.68837603,0.6916572,0.07248856, 379.0, -0.045263925,0.378621379,1000, -0.940679653,-2.077075e+00, 1.640000e-01, 7.050000e-01,"North Macedonia",2020-06-01, 67
 1,NA,NA,NA,NA,NA,NA,1000, 1,NA,NA,NA,NA,NA,NA,1000,NA, 3.144855e+01, 8.830000e-01, 9.300000e-02,"Norway",2020-06-01, 67
 3,0.62536240,0.6433628,0.09149078, 347.0,-0.196745207,0.346653347,1000, 3,0.66998412,0.6899667,0.07056760, 318.0, -0.283169116,0.317682318,1000, -1.277551770, 1.872987e+00, 6.790000e-01, 1.930000e-01,"Poland",2020-06-01, 67
 1,NA,NA,NA,NA,NA,NA,1000, 1,NA,NA,NA,NA,NA,NA,1000,NA,-1.193318e+01, 8.100000e-01, 1.990000e-01,"Portugal",2020-06-01, 67
 3,0.50655809,0.6466609,0.09510802,  55.0,-1.473091269,0.054945055,1000, 3,0.61702789,0.6898984,0.07120296, 191.0, -1.023420313,0.190809191,1000, -0.518881392,-5.914223e+00, 3.000000e-03, 9.830000e-01,"Romania",2020-06-01, 67
 3,0.48011458,0.6434632,0.09306498,  47.0,-1.755210799,0.046953047,1000, 3,0.53876830,0.6893875,0.07021465,  22.0, -2.145125552,0.021978022,1000, -0.975105035,-2.311109e+00, 1.010000e-01, 7.650000e-01,"Russia",2020-06-01, 67
 4,0.28102231,0.6267234,0.08284462,   3.0,-4.172885281,0.002997003,1000, 4,0.46189833,0.6925973,0.05729495,   3.0, -4.026514880,0.002997003,1000,  0.705563439,-3.570511e+00, 2.000000e-03, 9.840000e-01,"Serbia",2020-06-01, 67
 2,0.84030610,0.6883156,0.10777745,1001.0, 1.410225791,1.000000000,1000, 2,0.84030610,0.6839773,0.11042805,1000.0,  1.415662380,0.999000999,1000,NA, 2.163848e+00, 6.440000e-01, 2.980000e-01,"Slovakia",2020-06-01, 67
 1,NA,NA,NA,NA,NA,NA,1000, 1,NA,NA,NA,NA,NA,NA,1000,NA, 4.886524e+00, 4.920000e-01, 4.800000e-01,"Slovenia",2020-06-01, 67
 5,0.40987411,0.6109301,0.07410496,  28.0,-2.713124121,0.027972028,1000, 5,0.68132860,0.6891045,0.04926272, 399.0, -0.157845005,0.398601399,1000, -0.872085443,-3.375615e+00, 0.000000e+00, 9.860000e-01,"Spain",2020-06-01, 67
 2,0.77483233,0.6936137,0.09783715, 812.5, 0.830141206,0.811688312,1000, 2,0.77483233,0.6915380,0.10193925, 812.0,  0.817098118,0.811188811,1000,NA, 4.280724e+00, 7.990000e-01, 1.640000e-01,"Sweden",2020-06-01, 67
 3,0.34405938,0.6446098,0.09200899,  24.0,-3.266533117,0.023976024,1000, 3,0.50215065,0.6922498,0.07112849,  20.0, -2.672616676,0.019980020,1000,  0.334077141,-6.538532e-01, 2.540000e-01, 5.640000e-01,"Switzerland",2020-06-01, 67
 2,0.60399980,0.6878781,0.11096049, 170.0,-0.755929465,0.169830170,1000, 2,0.60399980,0.6912144,0.10507167, 184.0, -0.830048786,0.183816184,1000,NA, 1.632968e+01, 9.800000e-01, 9.000000e-03,"Turkey",2020-06-01, 67
 1,NA,NA,NA,NA,NA,NA,1000, 1,NA,NA,NA,NA,NA,NA,1000,NA,-4.056923e+00, 3.620000e-01, 5.620000e-01,"Ukraine",2020-06-01, 67
 2,0.71757947,0.6905339,0.10450473, 487.0, 0.258797373,0.486513487,1000, 2,0.71757947,0.6867704,0.11345599, 492.0,  0.271550428,0.491508492,1000,NA,-2.709219e+00, 2.830000e-01, 6.260000e-01,"United Kingdom",2020-06-01, 67
 3,0.25168487,0.5042323,0.08075319,  16.0,-3.127398602,0.015984016,1000, 3,0.41697481,0.5397581,0.06037674,  49.0, -2.033618599,0.048951049,1000,  1.069047752,-1.771298e+00, 1.900000e-02, 8.860000e-01,"Austria",2020-05-01, 66
 2,0.55605310,0.5455263,0.08950993, 356.0, 0.117604284,0.355644356,1000, 2,0.55605310,0.5441398,0.08924096, 359.0,  0.133495628,0.358641359,1000,NA, 1.550663e+00, 6.150000e-01, 2.220000e-01,"Belgium",2020-05-01, 66
 2,0.42314775,0.5455715,0.08283209, 107.5,-1.477975078,0.107392607,1000, 2,0.42314775,0.5408640,0.08384416, 121.5, -1.403988833,0.121378621,1000,NA, 2.074366e+00, 6.980000e-01, 1.880000e-01,"Bulgaria",2020-05-01, 66
 2,0.36881959,0.5399228,0.08982298,  36.0,-1.904893114,0.035964036,1000, 2,0.36881959,0.5445027,0.08832115,  38.5, -1.989139617,0.038461538,1000,NA, 8.437429e+00, 9.820000e-01, 1.500000e-02,"Cyprus",2020-05-01, 66
 4,0.60247619,0.4769346,0.07102241, 988.0, 1.767633044,0.987012987,1000, 4,0.62580856,0.5400027,0.04353540, 998.0,  1.970944351,0.997002997,1000, -2.446888560, 1.055364e+00, 5.510000e-01, 2.060000e-01,"Czech Republic",2020-05-01, 66
 4,0.25675448,0.4776369,0.07123679,  10.0,-3.100679641,0.009990010,1000, 4,0.31244283,0.5430204,0.04441973,   1.0, -5.190880718,0.000999001,1000, -1.559231604,-1.639058e+00, 8.000000e-03, 8.820000e-01,"Finland",2020-05-01, 66
 2,0.61333015,0.5439067,0.08360146, 840.5, 0.830408881,0.839660340,1000, 2,0.61333015,0.5399839,0.08829551, 859.0,  0.830690201,0.858141858,1000,NA, 4.460293e-01, 4.520000e-01, 3.960000e-01,"France",2020-05-01, 66
 1,NA,NA,NA,NA,NA,NA,1000, 1,NA,NA,NA,NA,NA,NA,1000,NA,-1.022644e+01, 3.570000e-01, 6.210000e-01,"Germany",2020-05-01, 66
 2,0.29958686,0.5377510,0.09344736,  22.5,-2.548644997,0.022477522,1000, 2,0.29958686,0.5419274,0.08427826,  11.0, -2.875480834,0.010989011,1000,NA, 4.516018e-01, 4.410000e-01, 3.870000e-01,"Greece",2020-05-01, 66
 4,0.47196367,0.4783089,0.06748211, 396.0,-0.094027796,0.395604396,1000, 4,0.54495813,0.5433991,0.04292278, 462.0,  0.036321201,0.461538462,1000, -1.804840859, 1.727330e-01, 2.380000e-01, 4.430000e-01,"Hungary",2020-05-01, 66
 2,0.03815318,0.5444498,0.08157295,   2.0,-6.206673361,0.001998002,1000, 2,0.03815318,0.5439288,0.08778442,   1.0, -5.761564557,0.000999001,1000,NA,-2.259206e+00, 1.080000e-01, 7.870000e-01,"Ireland",2020-05-01, 66
 1,NA,NA,NA,NA,NA,NA,1000, 1,NA,NA,NA,NA,NA,NA,1000,NA, 1.094236e+01, 8.200000e-01, 1.440000e-01,"Italy",2020-05-01, 66
 1,NA,NA,NA,NA,NA,NA,1000, 1,NA,NA,NA,NA,NA,NA,1000,NA,-1.204946e+01, 2.510000e-01, 7.000000e-01,"Latvia",2020-05-01, 66
 4,0.09165048,0.4835946,0.06526235,   1.0,-6.005670041,0.000999001,1000, 4,0.11582455,0.5415773,0.04498874,   1.0, -9.463540428,0.000999001,1000, -0.872187561,-3.370833e+00, 0.000000e+00, 9.970000e-01,"Lithuania",2020-05-01, 66
 3,0.20083373,0.5032086,0.08085789,   2.0,-3.739583833,0.001998002,1000, 3,0.38149769,0.5414540,0.05787671,  17.0, -2.763741552,0.016983017,1000,  1.892050510,-1.745439e+00, 2.500000e-02, 8.570000e-01,"Luxembourg",2020-05-01, 66
 3,0.41080660,0.5068739,0.07786743,  91.0,-1.233728741,0.090909091,1000, 3,0.49668568,0.5408330,0.06044090, 172.0, -0.730421996,0.171828172,1000, -0.094484844, 2.969861e-01, 3.470000e-01, 4.150000e-01,"Netherlands",2020-05-01, 66
 1,NA,NA,NA,NA,NA,NA,1000, 1,NA,NA,NA,NA,NA,NA,1000,NA,-4.157925e+00, 2.540000e-01, 6.670000e-01,"North Macedonia",2020-05-01, 66
 1,NA,NA,NA,NA,NA,NA,1000, 1,NA,NA,NA,NA,NA,NA,1000,NA, 2.770074e+01, 9.810000e-01, 1.300000e-02,"Norway",2020-05-01, 66
 4,0.29454499,0.4791021,0.06832205,  13.0,-2.701281936,0.012987013,1000, 4,0.48894516,0.5410927,0.04666949, 123.0, -1.117380451,0.122877123,1000, -0.003353692,-5.664252e-02, 2.000000e-01, 5.160000e-01,"Romania",2020-05-01, 66
 1,NA,NA,NA,NA,NA,NA,1000, 1,NA,NA,NA,NA,NA,NA,1000,NA,-2.333574e+01, 1.420000e-01, 8.660000e-01,"Russia",2020-05-01, 66
 1,NA,NA,NA,NA,NA,NA,1000, 1,NA,NA,NA,NA,NA,NA,1000,NA,-6.975625e+00, 2.500000e-02, 9.590000e-01,"Serbia",2020-05-01, 66
 1,NA,NA,NA,NA,NA,NA,1000, 1,NA,NA,NA,NA,NA,NA,1000,NA,-2.553091e+00, 4.150000e-01, 5.240000e-01,"Slovakia",2020-05-01, 66
 2,0.54755638,0.5451418,0.08619576, 298.5, 0.028012198,0.298201798,1000, 2,0.54755638,0.5446898,0.08792173, 294.0,  0.032604136,0.293706294,1000,NA, 2.002760e+00, 6.780000e-01, 2.040000e-01,"Slovenia",2020-05-01, 66
 2,0.59450447,0.5419968,0.08766347, 735.5, 0.598968725,0.734765235,1000, 2,0.59450447,0.5434876,0.09002861, 710.5,  0.566674301,0.709790210,1000,NA, 7.161427e-03, 3.670000e-01, 4.610000e-01,"Spain",2020-05-01, 66
 3,0.46308511,0.5025261,0.08049369, 291.0,-0.489988385,0.290709291,1000, 3,0.52550717,0.5433753,0.05630390, 325.0, -0.317351932,0.324675325,1000, -0.825203917, 1.915355e-01, 3.320000e-01, 4.290000e-01,"Sweden",2020-05-01, 66
 1,NA,NA,NA,NA,NA,NA,1000, 1,NA,NA,NA,NA,NA,NA,1000,NA,-1.861324e+00, 4.140000e-01, 5.270000e-01,"Switzerland",2020-05-01, 66
 3,0.05264141,0.5064862,0.07992261,   1.5,-5.678552635,0.001498501,1000, 3,0.05267474,0.5416717,0.05778426,   1.0, -8.462460103,0.000999001,1000, -1.723260023,-4.306480e+00, 0.000000e+00, 9.820000e-01,"Ukraine",2020-05-01, 66
 6,0.43782716,0.4456494,0.05811843, 398.0,-0.134592235,0.397602398,1000, 6,0.48266335,0.5402893,0.03254455,  59.0, -1.770677617,0.058941059,1000, -2.648053134, 7.936312e-01, 4.040000e-01, 1.850000e-01,"United Kingdom",2020-05-01, 66
 2,0.79483245,0.8703647,0.12105304, 191.5,-0.623960191,0.191308691,1000, 2,0.79483245,0.8735819,0.11882525, 193.5, -0.662733331,0.193306693,1000,NA,-4.487507e+00, 1.350000e-01, 8.050000e-01,"Austria",2020-07-01, 68
 2,0.93280228,0.8691166,0.12004704, 633.0, 0.530505779,0.632367632,1000, 2,0.93280228,0.8706660,0.11744693, 640.0,  0.529058611,0.639360639,1000,NA, 9.230977e-01, 5.360000e-01, 3.330000e-01,"Belarus",2020-07-01, 68
 2,0.80576141,0.8741793,0.11564771, 247.5,-0.591606029,0.247252747,1000, 2,0.80576141,0.8674773,0.13180300, 229.0, -0.468243172,0.228771229,1000,NA, 1.302493e+00, 5.890000e-01, 3.000000e-01,"Belgium",2020-07-01, 68
 2,0.95212796,0.8675995,0.12776143, 769.0, 0.661611765,0.768231768,1000, 2,0.95212796,0.8683681,0.11691226, 774.5,  0.716433633,0.773726274,1000,NA,-1.124071e-02, 4.290000e-01, 4.480000e-01,"Cyprus",2020-07-01, 68
 1,NA,NA,NA,NA,NA,NA,1000, 1,NA,NA,NA,NA,NA,NA,1000,NA,-7.828911e-01, 4.440000e-01, 5.380000e-01,"Czech Republic",2020-07-01, 68
 1,NA,NA,NA,NA,NA,NA,1000, 1,NA,NA,NA,NA,NA,NA,1000,NA, 2.113743e+02, 5.200000e-02, 9.290000e-01,"Denmark",2020-07-01, 68
 5,0.86578095,0.7686427,0.10063943, 893.0, 0.965210742,0.892107892,1000, 5,0.93529941,0.8666661,0.05676971, 916.0,  1.208976934,0.915084915,1000, -2.494332319,-6.386444e-01, 7.100000e-02, 6.770000e-01,"France",2020-07-01, 68
 5,0.75103356,0.7634412,0.10251330, 328.0,-0.121034160,0.327672328,1000, 5,0.82240240,0.8693016,0.05361455, 175.0, -0.874748284,0.174825175,1000, -2.460414653, 2.392739e+00, 8.620000e-01, 6.400000e-02,"Germany",2020-07-01, 68
 1,NA,NA,NA,NA,NA,NA,1000, 1,NA,NA,NA,NA,NA,NA,1000,NA, 1.421736e+00, 5.710000e-01, 3.990000e-01,"Hungary",2020-07-01, 68
 1,NA,NA,NA,NA,NA,NA,1000, 1,NA,NA,NA,NA,NA,NA,1000,NA, 3.331267e+01, 7.500000e-02, 9.180000e-01,"Iceland",2020-07-01, 68
 2,0.92753780,0.8740538,0.11493504, 579.5, 0.465340793,0.578921079,1000, 2,0.92753780,0.8652471,0.12656092, 611.5,  0.492179780,0.610889111,1000,NA, 5.640739e+00, 9.010000e-01, 5.800000e-02,"Ireland",2020-07-01, 68
 2,0.30627726,0.8684957,0.13408169,  20.0,-4.193104105,0.019980020,1000, 2,0.30627726,0.8691272,0.12023087,  12.0, -4.681410008,0.011988012,1000,NA,-1.553259e+00, 1.730000e-01, 6.760000e-01,"Kosovo",2020-07-01, 68
 2,0.31889961,0.8684120,0.11888591,  11.0,-4.622182686,0.010989011,1000, 2,0.31889961,0.8718756,0.12084933,  16.0, -4.575747340,0.015984016,1000,NA,-1.671761e+00, 1.830000e-01, 7.070000e-01,"Latvia",2020-07-01, 68
 2,0.64456857,0.8766821,0.10504316,  19.5,-2.209696305,0.019480519,1000, 2,0.64456857,0.8632215,0.13697697,  41.5, -1.596274816,0.041458541,1000,NA, 4.697483e+00, 8.930000e-01, 6.200000e-02,"Lithuania",2020-07-01, 68
 3,0.07480440,0.8229114,0.11165349,   1.0,-6.700256073,0.000999001,1000, 3,0.12579604,0.8726187,0.07756129,   1.0, -9.628807042,0.000999001,1000,  0.064673454,-4.675620e+00, 0.000000e+00, 9.940000e-01,"Luxembourg",2020-07-01, 68
 1,NA,NA,NA,NA,NA,NA,1000, 1,NA,NA,NA,NA,NA,NA,1000,NA, 2.956801e+01, 7.670000e-01, 2.160000e-01,"Montenegro",2020-07-01, 68
 4,0.25631828,0.7916901,0.10605470,   1.0,-5.048072344,0.000999001,1000, 4,0.44672079,0.8706431,0.06396374,   1.0, -6.627541372,0.000999001,1000,  1.428213326,-4.949218e+00, 0.000000e+00, 9.980000e-01,"Netherlands",2020-07-01, 68
 1,NA,NA,NA,NA,NA,NA,1000, 1,NA,NA,NA,NA,NA,NA,1000,NA, 5.123191e+01, 8.190000e-01, 1.370000e-01,"North Macedonia",2020-07-01, 68
 3,0.93030337,0.8217727,0.11178273, 902.5, 0.970907086,0.901598402,1000, 3,0.95684836,0.8698868,0.07888896, 930.5,  1.102328747,0.929570430,1000, -1.731593291, 2.046222e+00, 7.370000e-01, 1.600000e-01,"Norway",2020-07-01, 68
 1,NA,NA,NA,NA,NA,NA,1000, 1,NA,NA,NA,NA,NA,NA,1000,NA,-1.429346e+01, 1.430000e-01, 8.510000e-01,"Portugal",2020-07-01, 68
 2,0.41278535,0.8721374,0.12386363,  19.5,-3.708530383,0.019480519,1000, 2,0.41278535,0.8709136,0.12238148,  18.0, -3.743444388,0.017982018,1000,NA,-4.254589e+00, 1.400000e-02, 9.450000e-01,"Romania",2020-07-01, 68
 2,0.65374119,0.8636792,0.12824709,  36.5,-1.636980590,0.036463536,1000, 2,0.65374119,0.8690587,0.12648440,  39.5, -1.702324641,0.039460539,1000,NA, 6.075708e+00, 9.080000e-01, 5.200000e-02,"Russia",2020-07-01, 68
 2,0.29363624,0.8631130,0.13565349,  18.0,-4.198025396,0.017982018,1000, 2,0.29363624,0.8722449,0.11779511,   8.0, -4.911992031,0.007992008,1000,NA, 4.344871e-04, 4.210000e-01, 4.470000e-01,"Serbia",2020-07-01, 68
 1,NA,NA,NA,NA,NA,NA,1000, 1,NA,NA,NA,NA,NA,NA,1000,NA, 2.534114e+02, 8.480000e-01, 1.260000e-01,"Slovakia",2020-07-01, 68
 2,0.92997004,0.8742484,0.11982434, 581.0, 0.465027630,0.580419580,1000, 2,0.92997004,0.8654952,0.12597151, 630.0,  0.511820662,0.629370629,1000,NA,-1.377879e+00, 2.270000e-01, 6.420000e-01,"Slovenia",2020-07-01, 68
 2,0.97418589,0.8687699,0.12194431, 867.5, 0.864460282,0.866633367,1000, 2,0.97418589,0.8680365,0.12391870, 878.5,  0.856605177,0.877622378,1000,NA, 1.539181e+00, 6.040000e-01, 2.900000e-01,"Spain",2020-07-01, 68
 3,0.60526570,0.8171559,0.11924821,  71.0,-1.776883871,0.070929071,1000, 3,0.74514920,0.8670972,0.08724255,  75.0, -1.397804308,0.074925075,1000, -0.570783915,-2.018033e+00, 4.800000e-02, 8.390000e-01,"Sweden",2020-07-01, 68
 3,0.66736645,0.8174434,0.11617095,  82.0,-1.291863184,0.081918082,1000, 3,0.72480755,0.8653756,0.08539039,  62.0, -1.646181142,0.061938062,1000, -1.073101216, 1.261613e+00, 5.910000e-01, 2.470000e-01,"Switzerland",2020-07-01, 68
 4,0.47807819,0.7884366,0.10711515,  19.0,-2.897427451,0.018981019,1000, 4,0.75755945,0.8703065,0.06515413,  65.0, -1.730466229,0.064935065,1000,  0.127353308,-3.111462e+00, 0.000000e+00, 9.550000e-01,"Turkey",2020-07-01, 68
 3,0.33953391,0.8230209,0.11556802,   9.0,-4.183570994,0.008991009,1000, 3,0.55289070,0.8702934,0.07599488,   1.0, -4.176632092,0.000999001,1000,  1.571359417, 3.460314e-01, 4.040000e-01, 4.260000e-01,"Ukraine",2020-07-01, 68
 1,NA,NA,NA,NA,NA,NA,1000, 1,NA,NA,NA,NA,NA,NA,1000,NA, 5.106375e-01, 4.950000e-01, 4.230000e-01,"United Kingdom",2020-07-01, 68
 5,0.45088570,0.9078337,0.11674148,   4.0,-3.914186660,0.003996004,1000, 5,0.75945289,1.0102674,0.05775757,   1.0, -4.342540296,0.000999001,1000,  0.221185805, 5.195212e-01, 2.980000e-01, 2.740000e-01,"Belgium",2020-08-01, 63
 1,NA,NA,NA,NA,NA,NA,1000, 1,NA,NA,NA,NA,NA,NA,1000,NA,-7.071646e+00, 2.010000e-01, 7.940000e-01,"Bosnia and Herzegovina",2020-08-01, 63
 1,NA,NA,NA,NA,NA,NA,1000, 1,NA,NA,NA,NA,NA,NA,1000,NA, 2.903625e+00, 6.350000e-01, 2.740000e-01,"Croatia",2020-08-01, 63
 3,0.39865336,0.9559346,0.12962660,  13.0,-4.299127212,0.012987013,1000, 3,0.74055906,1.0077301,0.08895901,  26.0, -3.003304840,0.025974026,1000,  1.442385592,-7.987629e-01, 1.210000e-01, 6.810000e-01,"Cyprus",2020-08-01, 63
 5,0.32930741,0.9060130,0.12173102,   2.0,-4.737540479,0.001998002,1000, 5,0.57738677,1.0062249,0.05845465,   1.0, -7.336253195,0.000999001,1000,  1.157241339,-1.854382e+00, 0.000000e+00, 9.720000e-01,"Czech Republic",2020-08-01, 63
 2,0.01376120,1.0106348,0.13189861,   1.5,-7.557877834,0.001498501,1000, 2,0.01376120,1.0067724,0.13356031,   1.0, -7.434926960,0.000999001,1000,NA,-3.134204e+00, 4.000000e-03, 9.640000e-01,"Finland",2020-08-01, 63
 2,1.05575310,1.0169796,0.11826866, 531.0, 0.327842282,0.530469530,1000, 2,1.05575310,0.9993767,0.15557385, 557.0,  0.362376798,0.556443556,1000,NA, 2.726749e+00, 8.080000e-01, 9.200000e-02,"France",2020-08-01, 63
 2,0.92314775,1.0146480,0.12189484, 156.5,-0.750648987,0.156343656,1000, 2,0.92314775,1.0079712,0.13504138, 187.5, -0.628129524,0.187312687,1000,NA,-2.343859e+00, 4.200000e-02, 8.730000e-01,"Germany",2020-08-01, 63
 5,0.67887619,0.8996127,0.12488337,  96.0,-1.767541190,0.095904096,1000, 5,0.99560123,1.0102475,0.05710931, 354.0, -0.256460441,0.353646354,1000, -0.906761280,-7.651806e-01, 2.300000e-02, 7.880000e-01,"Hungary",2020-08-01, 63
 3,0.30707995,0.9602906,0.11604296,   1.0,-5.629041243,0.000999001,1000, 3,0.57759669,1.0098463,0.08938455,   2.0, -4.835842444,0.001998002,1000,  1.009241917,-1.815885e+00, 4.000000e-03, 9.190000e-01,"Iceland",2020-08-01, 63
 2,0.15938896,1.0143416,0.12563277,   3.5,-6.805171919,0.003496503,1000, 2,0.15938896,1.0068478,0.13781642,   4.0, -6.149186310,0.003996004,1000,NA,-4.378579e+00, 0.000000e+00, 9.810000e-01,"Ireland",2020-08-01, 63
 1,NA,NA,NA,NA,NA,NA,1000, 1,NA,NA,NA,NA,NA,NA,1000,NA, 1.498655e+01, 9.530000e-01, 1.500000e-02,"Lithuania",2020-08-01, 63
 4,0.36712569,0.9314651,0.11909780,   1.0,-4.738454007,0.000999001,1000, 4,0.57303762,1.0079697,0.06932335,   1.0, -6.273961522,0.000999001,1000,  0.298198881,-1.950528e+00, 1.000000e-03, 9.720000e-01,"Luxembourg",2020-08-01, 63
 2,0.15627850,1.0081250,0.13832403,   5.5,-6.158340244,0.005494505,1000, 2,0.15627850,1.0087771,0.13214845,   6.0, -6.451067501,0.005994006,1000,NA,-1.581246e+00, 2.250000e-01, 6.910000e-01,"Malta",2020-08-01, 63
 1,NA,NA,NA,NA,NA,NA,1000, 1,NA,NA,NA,NA,NA,NA,1000,NA, 1.938146e+00, 6.260000e-01, 3.000000e-01,"Netherlands",2020-08-01, 63
 3,0.90941638,0.9533889,0.13492830, 178.0,-0.325895354,0.177822178,1000, 3,0.92213350,1.0082146,0.09108711, 144.0, -0.945042067,0.143856144,1000, -1.688085986,-1.853618e-01, 2.180000e-01, 5.580000e-01,"North Macedonia",2020-08-01, 63
 1,NA,NA,NA,NA,NA,NA,1000, 1,NA,NA,NA,NA,NA,NA,1000,NA,-4.849648e+00, 2.280000e-01, 7.440000e-01,"Norway",2020-08-01, 63
 2,1.16807496,1.0128563,0.13467668, 998.0, 1.152527736,0.997002997,1000, 2,1.16807496,1.0066135,0.14079956, 997.5,  1.146746670,0.996503497,1000,NA,-2.331455e-01, 3.140000e-01, 5.050000e-01,"Poland",2020-08-01, 63
 1,NA,NA,NA,NA,NA,NA,1000, 1,NA,NA,NA,NA,NA,NA,1000,NA,-3.357636e+00, 2.950000e-01, 6.740000e-01,"Portugal",2020-08-01, 63
 1,NA,NA,NA,NA,NA,NA,1000, 1,NA,NA,NA,NA,NA,NA,1000,NA,-4.902099e+00, 3.730000e-01, 6.150000e-01,"Romania",2020-08-01, 63
 2,0.90744226,1.0121788,0.13251497, 120.0,-0.790374955,0.119880120,1000, 2,0.90744226,1.0107052,0.13031180, 127.0, -0.792430036,0.126873127,1000,NA,-9.179687e-01, 1.930000e-01, 6.790000e-01,"Russia",2020-08-01, 63
 3,0.51793668,0.9552580,0.13773299,  40.0,-3.175138321,0.039960040,1000, 3,0.72565132,1.0059872,0.09110579,  20.0, -3.077037185,0.019980020,1000,  0.423014829, 6.157296e-01, 4.270000e-01, 3.120000e-01,"Serbia",2020-08-01, 63
 2,0.44974414,1.0121111,0.14054291,  15.0,-4.001389747,0.014985015,1000, 2,0.44974414,1.0060482,0.14773132,  19.0, -3.765647246,0.018981019,1000,NA, 3.821066e-01, 4.130000e-01, 4.010000e-01,"Spain",2020-08-01, 63
 2,1.08883998,1.0120948,0.14059316, 714.0, 0.545867434,0.713286713,1000, 2,1.08883998,1.0019435,0.13715704, 743.0,  0.633554940,0.742257742,1000,NA, 5.383925e+00, 9.490000e-01, 1.600000e-02,"Sweden",2020-08-01, 63
 1,NA,NA,NA,NA,NA,NA,1000, 1,NA,NA,NA,NA,NA,NA,1000,NA, 1.204899e+00, 5.860000e-01, 3.290000e-01,"Switzerland",2020-08-01, 63
 2,1.02599845,1.0068000,0.14803091, 442.5, 0.129691965,0.442057942,1000, 2,1.02599845,1.0066648,0.12914468, 470.0,  0.149705344,0.469530470,1000,NA, 2.141635e+00, 7.250000e-01, 1.380000e-01,"Turkey",2020-08-01, 63
 1,NA,NA,NA,NA,NA,NA,1000, 1,NA,NA,NA,NA,NA,NA,1000,NA,-6.167253e+00, 2.380000e-01, 7.270000e-01,"Ukraine",2020-08-01, 63
 3,0.93791970,0.9540759,0.13041076, 318.0,-0.123886804,0.317682318,1000, 3,0.94797125,1.0091816,0.08803585, 208.0, -0.695289446,0.207792208,1000, -1.731109052, 9.727905e-01, 5.470000e-01, 2.360000e-01,"United Kingdom",2020-08-01, 63
 1,NA,NA,NA,NA,NA,NA,1000, 1,NA,NA,NA,NA,NA,NA,1000,NA, 1.508727e+01, 7.440000e-01, 2.340000e-01,"Albania",2020-09-01, 80
 3,1.14340646,1.1389013,0.17441896, 328.0, 0.025829773,0.327672328,1000, 3,1.18952973,1.2044791,0.10191469, 237.5, -0.146684677,0.237262737,1000, -1.479243511, 2.048442e+00, 7.830000e-01, 1.280000e-01,"Austria",2020-09-01, 80
 4,0.45853184,1.0725892,0.18546999,   1.0,-3.310818166,0.000999001,1000, 4,0.75124210,1.1925875,0.09127810,   5.0, -4.835172348,0.004995005,1000,  1.317037054, 8.629870e-01, 4.700000e-01, 2.630000e-01,"Belgium",2020-09-01, 80
 2,0.98997593,1.2002845,0.18761976,  47.0,-1.120929708,0.046953047,1000, 2,0.98997593,1.1986586,0.19015531,  55.0, -1.097432673,0.054945055,1000,NA, 2.748037e+00, 7.370000e-01, 2.230000e-01,"Bosnia and Herzegovina",2020-09-01, 80
 2,0.28038951,1.1963343,0.19164324,  15.0,-4.779426415,0.014985015,1000, 2,0.28038951,1.1930603,0.19345093,  17.0, -4.717841381,0.016983017,1000,NA,-2.484460e+00, 9.400000e-02, 7.830000e-01,"Croatia",2020-09-01, 80
 5,0.03676907,1.0449342,0.17190608,   1.0,-5.864627177,0.000999001,1000, 5,0.80549984,1.2016181,0.05923895,   2.0, -6.686786962,0.001998002,1000,  2.343116094,-3.106405e+00, 0.000000e+00, 9.960000e-01,"Cyprus",2020-09-01, 80
 2,1.14741565,1.1922356,0.19832888, 233.5,-0.225988101,0.233266733,1000, 2,1.14741565,1.2047167,0.17380147, 204.0, -0.329692569,0.203796204,1000,NA,-2.495827e+00, 6.800000e-02, 8.290000e-01,"Czech Republic",2020-09-01, 80
 1,NA,NA,NA,NA,NA,NA,1000, 1,NA,NA,NA,NA,NA,NA,1000,NA, 1.108135e+02, 1.400000e-02, 9.700000e-01,"Denmark",2020-09-01, 80
 4,0.66909026,1.0885028,0.17354788,  27.0,-2.416696449,0.026973027,1000, 4,1.06548333,1.2012561,0.07515142,  54.0, -1.806656204,0.053946054,1000, -0.072440543,-1.028322e+00, 1.800000e-02, 7.630000e-01,"Finland",2020-09-01, 80
 1,NA,NA,NA,NA,NA,NA,1000, 1,NA,NA,NA,NA,NA,NA,1000,NA,-8.131688e+02, 8.140000e-01, 1.910000e-01,"France",2020-09-01, 80
 3,1.22440432,1.1356842,0.18618384, 647.0, 0.476518991,0.646353646,1000, 3,1.27311844,1.1993775,0.10923518, 823.0,  0.675066065,0.822177822,1000, -1.486982138,-5.873816e-01, 9.900000e-02, 6.460000e-01,"Germany",2020-09-01, 80
 1,NA,NA,NA,NA,NA,NA,1000, 1,NA,NA,NA,NA,NA,NA,1000,NA,-1.436428e+01, 1.110000e-01, 8.230000e-01,"Hungary",2020-09-01, 80
 3,0.48482275,1.1265676,0.19712676,  13.0,-3.255493103,0.012987013,1000, 3,0.88839173,1.2031044,0.10044426,  12.0, -3.133207103,0.011988012,1000,  1.571278757,-8.882278e-01, 5.800000e-02, 7.240000e-01,"Iceland",2020-09-01, 80
 1,NA,NA,NA,NA,NA,NA,1000, 1,NA,NA,NA,NA,NA,NA,1000,NA, 1.159194e+01, 3.010000e-01, 6.720000e-01,"Ireland",2020-09-01, 80
 4,0.65370306,1.0848438,0.18169308,  36.0,-2.372906927,0.035964036,1000, 4,1.04114425,1.1959598,0.07919565,  40.0, -1.954848852,0.039960040,1000, -0.248277614,-1.309517e+00, 1.000000e-02, 8.460000e-01,"Italy",2020-09-01, 80
 1,NA,NA,NA,NA,NA,NA,1000, 1,NA,NA,NA,NA,NA,NA,1000,NA,-6.048110e+00, 2.570000e-01, 6.950000e-01,"Latvia",2020-09-01, 80
 2,1.06949340,1.1993642,0.16944468,  80.5,-0.766449316,0.080419580,1000, 2,1.06949340,1.2134668,0.14370914,  73.0, -1.001839024,0.072927073,1000,NA,-1.101852e+00, 2.020000e-01, 6.440000e-01,"Lithuania",2020-09-01, 80
 1,NA,NA,NA,NA,NA,NA,1000, 1,NA,NA,NA,NA,NA,NA,1000,NA,-1.671081e+01, 3.620000e-01, 5.870000e-01,"Luxembourg",2020-09-01, 80
 3,0.10230522,1.1305249,0.18693686,   1.0,-5.500357746,0.000999001,1000, 3,0.17573995,1.2046719,0.10249291,   1.0,-10.039054730,0.000999001,1000,  1.180130810,-4.560594e+00, 0.000000e+00, 9.860000e-01,"Malta",2020-09-01, 80
 6,1.00876770,1.0028514,0.17175216, 423.0, 0.034446566,0.422577423,1000, 6,1.21358108,1.1992205,0.04965402, 567.0,  0.289212364,0.566433566,1000, -2.424325711, 1.497088e+00, 7.660000e-01, 4.600000e-02,"Netherlands",2020-09-01, 80
 2,0.79263864,1.2057225,0.17267688,  36.0,-2.392235894,0.035964036,1000, 2,0.79263864,1.2050041,0.17489534,  36.0, -2.357784485,0.035964036,1000,NA,-2.485058e+00, 8.500000e-02, 7.730000e-01,"North Macedonia",2020-09-01, 80
 3,0.79296592,1.1324739,0.18260425,  90.0,-1.859255643,0.089910090,1000, 3,0.97749563,1.1960363,0.10994555,  59.0, -1.987717475,0.058941059,1000, -0.491160404, 6.070421e-01, 4.130000e-01, 3.730000e-01,"Norway",2020-09-01, 80
 1,NA,NA,NA,NA,NA,NA,1000, 1,NA,NA,NA,NA,NA,NA,1000,NA, 8.929450e+01, 9.040000e-01, 9.000000e-02,"Poland",2020-09-01, 80
 1,NA,NA,NA,NA,NA,NA,1000, 1,NA,NA,NA,NA,NA,NA,1000,NA,-8.210987e+00, 9.400000e-02, 8.650000e-01,"Portugal",2020-09-01, 80
 3,0.56834748,1.1376170,0.18262970,  35.0,-3.117069571,0.034965035,1000, 3,0.84817676,1.2011073,0.11405905,  10.0, -3.094279111,0.009990010,1000,  0.688954560,-1.775363e+00, 1.000000e-02, 8.640000e-01,"Romania",2020-09-01, 80
 2,0.75813573,1.2011295,0.17794484,  36.0,-2.489500822,0.035964036,1000, 2,0.75813573,1.1957993,0.19093361,  45.0, -2.292229057,0.044955045,1000,NA,-1.055008e+01, 0.000000e+00, 9.800000e-01,"Russia",2020-09-01, 80
 2,0.50672863,1.2015959,0.18369754,  30.0,-3.782670777,0.029970030,1000, 2,0.50672863,1.2093115,0.16830965,  23.0, -4.174346853,0.022977023,1000,NA,-1.679210e+00, 1.400000e-01, 6.920000e-01,"Serbia",2020-09-01, 80
 3,1.17246757,1.1370056,0.18044910, 454.0, 0.196520803,0.453546454,1000, 3,1.21130487,1.1961610,0.11162382, 382.0,  0.135669007,0.381618382,1000, -1.481453049, 6.341012e-01, 4.340000e-01, 3.520000e-01,"Slovakia",2020-09-01, 80
 1,NA,NA,NA,NA,NA,NA,1000, 1,NA,NA,NA,NA,NA,NA,1000,NA,-3.652054e+01, 9.800000e-02, 8.830000e-01,"Slovenia",2020-09-01, 80
 4,0.68445703,1.0878680,0.17795434,  42.0,-2.266935485,0.041958042,1000, 4,1.04644952,1.1938211,0.08477161,  36.0, -1.738454336,0.035964036,1000, -0.445910682,-1.064259e-01, 1.390000e-01, 5.430000e-01,"Sweden",2020-09-01, 80
 2,1.06798068,1.1974311,0.18940089,  82.0,-0.683473306,0.081918082,1000, 2,1.06798068,1.2042227,0.18289224,  67.0, -0.744930338,0.066933067,1000,NA,-2.299304e+00, 7.200000e-02, 7.990000e-01,"Turkey",2020-09-01, 80
 2,1.12602150,1.1941214,0.20868744, 168.0,-0.326325088,0.167832168,1000, 2,1.12602150,1.1930069,0.19196474, 198.0, -0.348946636,0.197802198,1000,NA, 6.957498e+00, 9.780000e-01, 2.300000e-02,"Ukraine",2020-09-01, 80
 4,0.43090070,1.0863423,0.17339462,   4.0,-3.780057051,0.003996004,1000, 4,0.74149184,1.1985977,0.08029912,   3.0, -5.692538055,0.002997003,1000,  1.253375923,-3.764248e-01, 6.800000e-02, 6.120000e-01,"United Kingdom",2020-09-01, 80
 4,0.63248890,1.1549593,0.24203522,  25.0,-2.158654551,0.024975025,1000, 4,1.17533862,1.3217488,0.12221057,  86.0, -1.198015508,0.085914086,1000,  0.148683981, 4.248486e-01, 3.780000e-01, 3.460000e-01,"Austria",2020-10-01, 79
 1,NA,NA,NA,NA,NA,NA,1000, 1,NA,NA,NA,NA,NA,NA,1000,NA,-5.450654e+00, 2.760000e-01, 6.570000e-01,"Belgium",2020-10-01, 79
 2,1.30302917,1.3276667,0.27423148, 202.0,-0.089842144,0.201798202,1000, 2,1.30302917,1.3257846,0.27495867, 206.0, -0.082759530,0.205794206,1000,NA, 4.774464e+00, 8.300000e-01, 1.240000e-01,"Bosnia and Herzegovina",2020-10-01, 79
 2,1.21832972,1.3198687,0.27508824, 125.0,-0.369114176,0.124875125,1000, 2,1.21832972,1.3026641,0.29922866, 137.0, -0.281839157,0.136863137,1000,NA, 4.257942e+00, 8.560000e-01, 9.300000e-02,"Croatia",2020-10-01, 79
 3,0.57325889,1.2199068,0.26850218,  28.0,-2.408352728,0.027972028,1000, 3,0.98906401,1.3245836,0.17434347,  36.0, -1.924474908,0.035964036,1000,  1.281158759, 5.895786e+00, 9.790000e-01, 1.000000e-03,"Cyprus",2020-10-01, 79
 1,NA,NA,NA,NA,NA,NA,1000, 1,NA,NA,NA,NA,NA,NA,1000,NA, 4.896636e+00, 7.060000e-01, 2.240000e-01,"Czech Republic",2020-10-01, 79
 1,NA,NA,NA,NA,NA,NA,1000, 1,NA,NA,NA,NA,NA,NA,1000,NA,-4.715967e+00, 1.030000e-01, 8.820000e-01,"Denmark",2020-10-01, 79
 3,0.48141041,1.2243211,0.26677300,  10.0,-2.784804572,0.009990010,1000, 3,0.95358003,1.3208344,0.17513865,  23.0, -2.096934862,0.022977023,1000,  1.379134928,-2.602386e+00, 6.000000e-03, 9.200000e-01,"Finland",2020-10-01, 79
 4,1.37684551,1.1536375,0.24538398, 853.0, 0.909627402,0.852147852,1000, 4,1.42321314,1.3127746,0.12882785, 842.0,  0.857256605,0.841158841,1000, -2.277113093, 5.116830e+00, 9.910000e-01, 2.000000e-03,"Germany",2020-10-01, 79
 2,1.32335166,1.3169192,0.27873616, 242.5, 0.023077233,0.242257742,1000, 2,1.32335166,1.3210964,0.27440480, 234.0,  0.008218857,0.233766234,1000,NA,-2.566043e+00, 1.420000e-01, 7.520000e-01,"Greece",2020-10-01, 79
 2,0.33690837,1.3300920,0.26338136,  12.0,-3.770895706,0.011988012,1000, 2,0.33690837,1.3359835,0.26132465,  13.0, -3.823118458,0.012987013,1000,NA,-2.384780e+00, 9.000000e-02, 8.120000e-01,"Hungary",2020-10-01, 79
 5,0.32888501,1.0851557,0.23011125,   3.0,-3.286543544,0.002997003,1000, 5,0.66208413,1.3217269,0.11141342,   2.0, -5.920676025,0.001998002,1000,  1.697001244,-2.561613e+00, 0.000000e+00, 9.940000e-01,"Iceland",2020-10-01, 79
 3,0.40174034,1.2074236,0.27891903,   5.0,-2.888592046,0.004995005,1000, 3,0.43365544,1.3235165,0.16926682,   4.0, -5.257149742,0.003996004,1000, -1.344990310,-6.865487e-01, 1.980000e-01, 6.020000e-01,"Ireland",2020-10-01, 79
 5,1.09655733,1.0775783,0.23512115, 543.0, 0.080720445,0.542457542,1000, 5,1.34760403,1.3189798,0.10433318, 542.0,  0.274354203,0.541458541,1000, -1.986031491, 4.340678e-01, 3.650000e-01, 3.410000e-01,"Italy",2020-10-01, 79
 1,NA,NA,NA,NA,NA,NA,1000, 1,NA,NA,NA,NA,NA,NA,1000,NA, 8.859450e+00, 8.730000e-01, 9.300000e-02,"Latvia",2020-10-01, 79
 1,NA,NA,NA,NA,NA,NA,1000, 1,NA,NA,NA,NA,NA,NA,1000,NA,-7.333415e+00, 9.300000e-02, 9.040000e-01,"Liechtenstein",2020-10-01, 79
 4,0.56356403,1.1432700,0.24799288,  22.0,-2.337591322,0.021978022,1000, 4,0.95282488,1.3161392,0.12807001,  27.0, -2.836841535,0.026973027,1000,  1.100986932,-2.428069e+00, 1.000000e-03, 9.860000e-01,"Lithuania",2020-10-01, 79
 3,1.32211415,1.2168933,0.26639444, 473.0, 0.394981278,0.472527473,1000, 3,1.38793180,1.3143621,0.18781649, 504.0,  0.391710320,0.503496503,1000, -1.389669978, 1.016939e+00, 5.620000e-01, 2.700000e-01,"Luxembourg",2020-10-01, 79
 2,1.22442036,1.3190836,0.28291380, 134.0,-0.334600952,0.133866134,1000, 2,1.22442036,1.3259934,0.27676777, 120.0, -0.366997383,0.119880120,1000,NA, 1.591319e+00, 6.380000e-01, 2.320000e-01,"Netherlands",2020-10-01, 79
 1,NA,NA,NA,NA,NA,NA,1000, 1,NA,NA,NA,NA,NA,NA,1000,NA,-5.645557e+00, 3.840000e-01, 5.640000e-01,"North Macedonia",2020-10-01, 79
 1,NA,NA,NA,NA,NA,NA,1000, 1,NA,NA,NA,NA,NA,NA,1000,NA,-6.106646e-01, 4.790000e-01, 4.530000e-01,"Norway",2020-10-01, 79
 1,NA,NA,NA,NA,NA,NA,1000, 1,NA,NA,NA,NA,NA,NA,1000,NA,-2.945287e+00, 4.740000e-01, 4.930000e-01,"Poland",2020-10-01, 79
 1,NA,NA,NA,NA,NA,NA,1000, 1,NA,NA,NA,NA,NA,NA,1000,NA,-6.670708e+00, 2.440000e-01, 7.000000e-01,"Portugal",2020-10-01, 79
 1,NA,NA,NA,NA,NA,NA,1000, 1,NA,NA,NA,NA,NA,NA,1000,NA,-2.863486e+00, 3.570000e-01, 5.380000e-01,"Romania",2020-10-01, 79
 5,0.95041313,1.0844668,0.22963207, 281.0,-0.583776013,0.280719281,1000, 5,1.24263040,1.3181746,0.09872101, 165.0, -0.765229179,0.164835165,1000, -1.786647514, 6.230061e-01, 4.130000e-01, 2.590000e-01,"Serbia",2020-10-01, 79
 1,NA,NA,NA,NA,NA,NA,1000, 1,NA,NA,NA,NA,NA,NA,1000,NA,-3.187016e+00, 3.190000e-01, 5.920000e-01,"Slovakia",2020-10-01, 79
 2,1.46588916,1.3170559,0.27703143, 850.0, 0.537243414,0.849150849,1000, 2,1.46588916,1.3400108,0.25355015, 824.5,  0.496463403,0.823676324,1000,NA,-1.423720e+00, 2.610000e-01, 5.740000e-01,"Slovenia",2020-10-01, 79
 2,0.41043504,1.3180586,0.27422573,  16.5,-3.309767958,0.016483516,1000, 2,0.41043504,1.3220280,0.26053708,  20.0, -3.498899048,0.019980020,1000,NA,-2.118748e+00, 1.500000e-01, 7.100000e-01,"Spain",2020-10-01, 79
 5,1.06097666,1.0737844,0.23825124, 500.0,-0.053757470,0.499500500,1000, 5,1.36472426,1.3150304,0.10943185, 648.0,  0.454108306,0.647352647,1000, -1.880228445,-5.170959e-02, 1.840000e-01, 4.720000e-01,"Sweden",2020-10-01, 79
 3,1.35360618,1.2113260,0.27209275, 577.0, 0.522910734,0.576423576,1000, 3,1.39514239,1.3207131,0.17982072, 538.0,  0.413908287,0.537462537,1000, -1.508481988, 2.032386e-01, 4.060000e-01, 3.920000e-01,"Switzerland",2020-10-01, 79
 3,1.31524194,1.2332516,0.25822246, 418.0, 0.317518114,0.417582418,1000, 3,1.38363495,1.3183010,0.16748503, 515.0,  0.390088346,0.514485514,1000, -1.488238831, 3.471304e+00, 8.740000e-01, 7.300000e-02,"Turkey",2020-10-01, 79
 4,0.95834259,1.1526206,0.24098851, 259.0,-0.806171084,0.258741259,1000, 4,1.27145875,1.3216667,0.12944191, 252.0, -0.387880189,0.251748252,1000, -1.029733691, 3.976640e-01, 3.940000e-01, 3.440000e-01,"United Kingdom",2020-10-01, 79
 3,0.27340024,1.1024717,0.45404890,   2.0,-1.825951945,0.001998002,1000, 3,0.34160040,1.3187656,0.55765466,   1.0, -1.752276583,0.000999001,1000, -0.414282047, 2.655525e-01, 3.710000e-01, 4.050000e-01,"Albania",2021-03-01,360
15,0.45318621,0.8977365,0.15337869,   1.0,-2.898383423,0.000999001,1000,15,1.18562578,1.3283779,0.24306501, 280.0, -0.587299963,0.279720280,1000, -0.732126241, 1.417471e-01, 3.000000e-03, 4.200000e-01,"Austria",2021-03-01,360
 1,NA,NA,NA,NA,NA,NA,1000, 1,NA,NA,NA,NA,NA,NA,1000,NA,-6.551297e+00, 3.280000e-01, 6.620000e-01,"Belarus",2021-03-01,360
12,0.62317954,0.9233709,0.16911358,  31.0,-1.775087034,0.030969031,1000,12,0.74378587,1.3466748,0.25568112,  23.0, -2.357971940,0.022977023,1000, -4.392043105,-1.757438e-01, 4.000000e-03, 6.250000e-01,"Belgium",2021-03-01,360
11,0.46630254,0.9401268,0.17620764,   1.0,-2.689010882,0.000999001,1000,11,0.83287545,1.3302192,0.28124248,  54.0, -1.768380535,0.053946054,1000,  0.911160272,-1.535387e-01, 5.000000e-03, 6.020000e-01,"Bosnia and Herzegovina",2021-03-01,360
13,0.66146235,0.9130555,0.16382911,  55.0,-1.535705043,0.054945055,1000,13,0.97512310,1.3566049,0.25534914, 107.0, -1.493961680,0.106893107,1000, -1.327700979, 2.982224e-01, 3.800000e-02, 3.260000e-01,"Bulgaria",2021-03-01,360
12,0.79054052,0.9166982,0.16221978, 227.0,-0.777696125,0.226773227,1000,12,1.35711788,1.3344168,0.26928228, 463.0,  0.084302112,0.462537463,1000,  0.004828156, 7.549925e-01, 3.020000e-01, 1.010000e-01,"Croatia",2021-03-01,360
10,0.65363081,0.9490683,0.18795590,  51.0,-1.571844909,0.050949051,1000,10,1.54838693,1.3573973,0.28518717, 782.0,  0.669699064,0.781218781,1000, -0.193560350,-1.207021e-01, 1.100000e-02, 5.840000e-01,"Czech Republic",2021-03-01,360
 9,0.38381808,0.9510918,0.19967254,   1.0,-2.841020350,0.000999001,1000, 9,0.55072445,1.3433614,0.30893887,   1.0, -2.565675614,0.000999001,1000, -1.618620249,-1.936768e+00, 0.000000e+00, 9.970000e-01,"Estonia",2021-03-01,360
10,0.66521455,0.9334016,0.19080289,  72.0,-1.405570968,0.071928072,1000,10,1.18020174,1.3459734,0.28890825, 258.0, -0.573786550,0.257742258,1000,  0.791160335,-1.528719e+00, 0.000000e+00, 9.760000e-01,"Finland",2021-03-01,360
10,1.04563528,0.9458354,0.18967082, 693.0, 0.526174149,0.692307692,1000,10,1.85104384,1.3427755,0.28836529, 970.0,  1.762584954,0.969030969,1000, -1.181258922, 1.677470e-01, 6.100000e-02, 3.970000e-01,"France",2021-03-01,360
15,0.93346985,0.9007597,0.15564330, 603.0, 0.210160876,0.602397602,1000,15,1.54739893,1.3589753,0.24109842, 755.0,  0.781521500,0.754245754,1000, -1.522684646, 5.079850e-01, 8.700000e-02, 1.750000e-01,"Germany",2021-03-01,360
10,0.44433352,0.9379250,0.18730045,   1.0,-2.635292693,0.000999001,1000,10,0.67746748,1.3592029,0.28382100,   1.0, -2.401990861,0.000999001,1000, -2.678239758, 7.269168e-01, 3.150000e-01, 1.550000e-01,"Greece",2021-03-01,360
 9,0.62945135,0.9672579,0.20861326,  53.0,-1.619295461,0.052947053,1000, 9,1.00815552,1.3497527,0.29805400,  87.0, -1.146091507,0.086913087,1000, -0.293419066, 2.083901e+00, 9.590000e-01, 3.000000e-03,"Ireland",2021-03-01,360
11,0.68641933,0.9352749,0.17827907,  80.0,-1.395876357,0.079920080,1000,11,1.02537887,1.3560924,0.27966258, 183.0, -1.182544864,0.182817183,1000, -1.482325386,-6.489719e-02, 1.100000e-02, 5.420000e-01,"Italy",2021-03-01,360
13,0.47236192,0.9093711,0.16880105,   2.0,-2.588901058,0.001998002,1000,13,1.75167915,1.3437761,0.25713233, 943.0,  1.586354670,0.942057942,1000,  0.388418961,-6.277518e-01, 0.000000e+00, 8.520000e-01,"Latvia",2021-03-01,360
 9,0.42838256,0.9542079,0.20637857,   1.0,-2.547868057,0.000999001,1000, 9,1.44116619,1.3683295,0.31464339, 589.0,  0.231489710,0.588411588,1000,  1.382814422,-9.082337e-01, 0.000000e+00, 8.910000e-01,"Lithuania",2021-03-01,360
16,0.40090956,0.8864733,0.14468763,   1.0,-3.355945334,0.000999001,1000,16,1.42094018,1.3572180,0.22853294, 646.0,  0.278831430,0.645354645,1000,  0.814037066,-3.877672e-01, 0.000000e+00, 7.740000e-01,"Luxembourg",2021-03-01,360
 3,0.48759044,1.1197450,0.47045103,  10.0,-1.343720133,0.009990010,1000, 3,0.59353579,1.3518159,0.55522171,   8.0, -1.365724857,0.007992008,1000, -0.495375766, 1.985582e+00, 7.320000e-01, 1.270000e-01,"Moldova",2021-03-01,360
 9,0.73371828,0.9661064,0.20571735, 115.0,-1.129647517,0.114885115,1000, 9,1.02520040,1.3476960,0.31285136, 111.0, -1.030826915,0.110889111,1000, -0.587640864, 7.740649e-01, 3.520000e-01, 1.180000e-01,"Netherlands",2021-03-01,360
12,0.75352435,0.9185292,0.17118205, 180.0,-0.963914395,0.179820180,1000,12,1.16520652,1.3399850,0.26311496, 208.0, -0.664266515,0.207792208,1000, -0.200421857,-3.170581e-01, 0.000000e+00, 7.240000e-01,"North Macedonia",2021-03-01,360
10,0.49932795,0.9467376,0.19387678,   1.0,-2.307700901,0.000999001,1000,10,1.38713096,1.3458015,0.28544710, 549.0,  0.144788412,0.548451548,1000,  1.041937985,-1.195896e-02, 7.000000e-03, 5.150000e-01,"Norway",2021-03-01,360
 9,0.77381992,0.9552216,0.19733718, 193.0,-0.919247357,0.192807193,1000, 9,1.04926144,1.3466861,0.31242078, 158.0, -0.952000149,0.157842158,1000, -1.397200634, 6.225279e-01, 2.810000e-01, 1.880000e-01,"Poland",2021-03-01,360
12,0.96211543,0.9203942,0.17142915, 612.0, 0.243372881,0.611388611,1000,12,1.51444054,1.3376184,0.25889673, 704.0,  0.682983259,0.703296703,1000, -1.324875927, 6.398547e-01, 2.320000e-01, 1.680000e-01,"Portugal",2021-03-01,360
11,0.74172931,0.9351584,0.18293737, 148.0,-1.057351397,0.147852148,1000,11,1.17511324,1.3591240,0.27107416, 204.0, -0.678820640,0.203796204,1000, -0.384824415,-8.477054e-01, 0.000000e+00, 9.000000e-01,"Romania",2021-03-01,360
12,1.21596383,0.9255896,0.17099235, 950.0, 1.698170602,0.949050949,1000,12,1.88149624,1.3310599,0.25442550, 991.0,  2.163448032,0.990009990,1000, -2.248367371,-8.293550e-01, 0.000000e+00, 9.060000e-01,"Russia",2021-03-01,360
13,0.63268003,0.9215036,0.16649609,  38.0,-1.734716969,0.037962038,1000,13,0.90935414,1.3499361,0.26000860,  38.0, -1.694490158,0.037962038,1000, -0.924850548, 2.436151e-01, 2.700000e-02, 3.300000e-01,"Serbia",2021-03-01,360
14,0.54146774,0.9007136,0.15635732,   7.0,-2.297595724,0.006993007,1000,14,0.83026474,1.3443720,0.23982454,  18.0, -2.143680984,0.017982018,1000, -1.116215318,-9.101476e-01, 0.000000e+00, 9.320000e-01,"Slovakia",2021-03-01,360
16,0.56136413,0.8893423,0.13942886,  11.0,-2.352297443,0.010989011,1000,16,1.53922667,1.3523655,0.23347090, 807.0,  0.800361702,0.806193806,1000, -1.873253769,-4.687174e-01, 0.000000e+00, 7.930000e-01,"Slovenia",2021-03-01,360
 8,1.07646817,0.9654839,0.21436926, 723.0, 0.517724921,0.722277722,1000, 8,1.46100877,1.3666349,0.32647888, 657.0,  0.289065785,0.656343656,1000, -1.072415274, 6.256346e-01, 2.740000e-01, 2.110000e-01,"Spain",2021-03-01,360
 8,0.77742186,0.9722986,0.21694148, 186.0,-0.898291907,0.185814186,1000, 8,1.13237409,1.3693210,0.31288903, 323.0, -0.757287478,0.322677323,1000, -0.755805554, 5.128328e-01, 2.500000e-01, 2.770000e-01,"Sweden",2021-03-01,360
 7,0.66153873,0.9823426,0.22941300,  93.0,-1.398368278,0.092907093,1000, 7,0.76913553,1.3565996,0.35045352, 124.0, -1.676296823,0.123876124,1000, -3.234403186, 9.935421e-01, 5.140000e-01, 1.330000e-01,"Switzerland",2021-03-01,360
12,1.05493254,0.9177054,0.16949026, 785.0, 0.809646103,0.784215784,1000,12,2.03590056,1.3503192,0.27009621,1001.0,  2.538285897,1.000000000,1000, -2.148192852,-8.503483e-01, 0.000000e+00, 9.180000e-01,"Turkey",2021-03-01,360
 7,0.10649394,0.9789585,0.23188082,   1.0,-3.762556109,0.000999001,1000, 7,0.64250738,1.3372553,0.35255657,   2.0, -1.970599886,0.001998002,1000,  0.760385893,-8.185958e-01, 1.000000e-03, 8.450000e-01,"Ukraine",2021-03-01,360
 8,0.73404872,0.9582404,0.21029725, 149.0,-1.066070184,0.148851149,1000, 8,0.77586386,1.3415166,0.33328377, 112.0, -1.697210677,0.111888112,1000, -4.171157631, 6.748633e-01, 3.390000e-01, 1.840000e-01,"United Kingdom",2021-03-01,360
 1,NA,NA,NA,NA,NA,NA,1000, 1,NA,NA,NA,NA,NA,NA,1000,NA,-3.629897e+01, 6.800000e-02, 9.280000e-01,"Austria",2020-11-01, 78
 1,NA,NA,NA,NA,NA,NA,1000, 1,NA,NA,NA,NA,NA,NA,1000,NA,-3.741095e+00, 4.980000e-01, 4.490000e-01,"Belarus",2020-11-01, 78
 1,NA,NA,NA,NA,NA,NA,1000, 1,NA,NA,NA,NA,NA,NA,1000,NA,-2.297356e+00, 4.310000e-01, 4.880000e-01,"Belgium",2020-11-01, 78
 2,1.59966895,1.4883317,0.24141667, 717.5, 0.461182916,0.716783217,1000, 2,1.59966895,1.4817062,0.25838344, 711.5,  0.456541424,0.710789211,1000,NA, 2.945093e+00, 7.710000e-01, 1.720000e-01,"Bosnia and Herzegovina",2020-11-01, 78
 1,NA,NA,NA,NA,NA,NA,1000, 1,NA,NA,NA,NA,NA,NA,1000,NA,-3.095275e+00, 4.710000e-01, 4.640000e-01,"Croatia",2020-11-01, 78
 3,0.16459853,1.4010771,0.25575995,   1.0,-4.834527577,0.000999001,1000, 3,0.16915227,1.4867848,0.15203031,   1.0, -8.666906765,0.000999001,1000, -1.729226793,-3.802524e+00, 1.000000e-03, 9.710000e-01,"Cyprus",2020-11-01, 78
 2,1.59946895,1.5026578,0.23428459, 690.0, 0.413220459,0.689310689,1000, 2,1.59946895,1.4942697,0.24402960, 698.0,  0.431092196,0.697302697,1000,NA,-1.843257e+00, 1.720000e-01, 7.100000e-01,"Denmark",2020-11-01, 78
 3,1.52810396,1.3936253,0.25420146, 602.0, 0.529023832,0.601398601,1000, 3,1.59223627,1.4850778,0.16031549, 834.0,  0.668422559,0.833166833,1000, -1.487580524, 1.212355e+00, 5.790000e-01, 2.630000e-01,"Finland",2020-11-01, 78
 1,NA,NA,NA,NA,NA,NA,1000, 1,NA,NA,NA,NA,NA,NA,1000,NA, 8.580305e+00, 7.280000e-01, 2.460000e-01,"France",2020-11-01, 78
 2,1.58863998,1.4795269,0.26536501, 623.0, 0.411181179,0.622377622,1000, 2,1.58863998,1.4883801,0.25517516, 614.5,  0.392906005,0.613886114,1000,NA,-2.809769e+00, 1.200000e-02, 8.950000e-01,"Germany",2020-11-01, 78
 3,0.72069812,1.4063018,0.24396205,  20.0,-2.810288355,0.019980020,1000, 3,1.13974173,1.4940945,0.14831106,  27.0, -2.389253785,0.026973027,1000,  0.810995018,-2.089963e+00, 4.100000e-02, 8.450000e-01,"Iceland",2020-11-01, 78
 2,1.65441375,1.4821862,0.25063135, 961.0, 0.687174910,0.960039960,1000, 2,1.65441375,1.4884872,0.26332601, 946.5,  0.630118488,0.945554446,1000,NA, 4.764654e+00, 8.780000e-01, 8.400000e-02,"Ireland",2020-11-01, 78
 2,1.59137222,1.4971209,0.26063536, 590.5, 0.361621509,0.589910090,1000, 2,1.59137222,1.4708439,0.27364355, 623.5,  0.440457268,0.622877123,1000,NA,-6.310357e-01, 2.620000e-01, 5.630000e-01,"Italy",2020-11-01, 78
 1,NA,NA,NA,NA,NA,NA,1000, 1,NA,NA,NA,NA,NA,NA,1000,NA, 9.341701e+01, 2.380000e-01, 7.820000e-01,"Kosovo",2020-11-01, 78
 1,NA,NA,NA,NA,NA,NA,1000, 1,NA,NA,NA,NA,NA,NA,1000,NA,-4.818069e+00, 4.060000e-01, 5.410000e-01,"Latvia",2020-11-01, 78
 3,0.72748710,1.3832293,0.26458207,  26.0,-2.478407628,0.025974026,1000, 3,1.16317265,1.4737537,0.18068168,  45.0, -1.718940711,0.044955045,1000,  0.854503642,-4.660678e-01, 1.720000e-01, 6.120000e-01,"Lithuania",2020-11-01, 78
 2,0.75633846,1.4811677,0.26223818,  51.0,-2.764010951,0.050949051,1000, 2,0.75633846,1.4827924,0.26212671,  52.5, -2.771384611,0.052447552,1000,NA, 3.088148e+00, 7.270000e-01, 1.980000e-01,"Luxembourg",2020-11-01, 78
 2,0.35419994,1.4893215,0.26717632,  12.0,-4.248586134,0.011988012,1000, 2,0.35419994,1.4713192,0.26904987,   7.0, -4.152089873,0.006993007,1000,NA,-9.844625e-01, 2.540000e-01, 6.110000e-01,"Netherlands",2020-11-01, 78
 4,0.70768159,1.3261349,0.23749209,  17.0,-2.604100454,0.016983017,1000, 4,0.97788225,1.4832152,0.12296870,   5.0, -4.109443951,0.004995005,1000, -0.517920206,-5.220014e-01, 7.500000e-02, 6.570000e-01,"North Macedonia",2020-11-01, 78
 2,1.55868534,1.4860597,0.25850291, 414.5, 0.280947236,0.414085914,1000, 2,1.55868534,1.4698398,0.28241527, 419.5,  0.314591674,0.419080919,1000,NA,-2.153478e+00, 9.100000e-02, 8.090000e-01,"Norway",2020-11-01, 78
 2,0.00020000,1.4879864,0.25493530,   1.0,-5.835937320,0.000999001,1000, 2,0.00020000,1.4762102,0.27099848,   1.0, -5.446562591,0.000999001,1000,NA,-4.364350e+00, 2.000000e-03, 9.190000e-01,"Poland",2020-11-01, 78
 3,0.97775338,1.4078454,0.24224099, 110.0,-1.775471612,0.109890110,1000, 3,1.28683967,1.4943465,0.14926697, 123.0, -1.390172696,0.122877123,1000, -0.024315823, 1.716763e+00, 6.760000e-01, 1.890000e-01,"Portugal",2020-11-01, 78
 4,0.08156170,1.3235316,0.24399304,   1.0,-5.090185653,0.000999001,1000, 4,1.13728238,1.4871242,0.11356464,  19.0, -3.080552008,0.018981019,1000,  2.066361945,-3.935953e+00, 0.000000e+00, 9.950000e-01,"Romania",2020-11-01, 78
 3,1.03289480,1.4137939,0.23595938, 123.0,-1.614257143,0.122877123,1000, 3,1.23337436,1.4836111,0.15241241,  70.0, -1.641839668,0.069930070,1000, -0.405170401, 6.365610e-01, 4.480000e-01, 3.550000e-01,"Russia",2020-11-01, 78
 3,1.31898392,1.4023152,0.24755745, 222.0,-0.336614108,0.221778222,1000, 3,1.39352913,1.4953425,0.15041170, 179.0, -0.676897821,0.178821179,1000, -1.424121515,-1.224741e+00, 9.900000e-02, 7.060000e-01,"Serbia",2020-11-01, 78
 3,1.51883546,1.4117359,0.23429744, 603.0, 0.457109533,0.602397602,1000, 3,1.57190266,1.4844486,0.16184343, 693.0,  0.540362314,0.692307692,1000, -1.421521787,-6.661804e-01, 1.470000e-01, 6.570000e-01,"Slovakia",2020-11-01, 78
 4,1.06849453,1.3308270,0.23412866, 172.0,-1.120462836,0.171828172,1000, 4,1.42176673,1.4848340,0.11849336, 231.0, -0.532242935,0.230769231,1000, -1.157730043, 7.693768e-01, 4.640000e-01, 2.800000e-01,"Slovenia",2020-11-01, 78
 4,0.40407887,1.3155786,0.24357532,   4.0,-3.742167875,0.003996004,1000, 4,0.69788992,1.4856562,0.11541584,   1.0, -6.825460773,0.000999001,1000,  0.231286063,-2.224632e+00, 1.000000e-03, 9.450000e-01,"Spain",2020-11-01, 78
 3,1.46564849,1.3994317,0.25151562, 384.5, 0.263270957,0.384115884,1000, 3,1.51869214,1.4839101,0.16659203, 372.0,  0.208785705,0.371628372,1000, -1.503216165, 1.921252e+00, 7.560000e-01, 1.190000e-01,"Sweden",2020-11-01, 78
 7,0.52493713,1.1873970,0.19562628,   3.0,-3.386353943,0.002997003,1000, 7,1.27657236,1.4877002,0.06860854,  14.0, -3.077281785,0.013986014,1000,  0.362014553,-1.423599e+00, 1.000000e-03, 9.280000e-01,"Switzerland",2020-11-01, 78
 1,NA,NA,NA,NA,NA,NA,1000, 1,NA,NA,NA,NA,NA,NA,1000,NA, 4.713083e+00, 6.740000e-01, 2.730000e-01,"Turkey",2020-11-01, 78
 2,1.56414982,1.4990267,0.23569916, 459.5, 0.276297754,0.459040959,1000, 2,1.56414982,1.4619136,0.28918854, 478.0,  0.353527750,0.477522478,1000,NA,-3.517670e+00, 6.900000e-02, 8.340000e-01,"United Kingdom",2020-11-01, 78
 3,0.11829937,1.5355379,0.34157156,   1.0,-4.149170255,0.000999001,1000, 3,0.23639875,1.6473264,0.24155774,   1.0, -5.840953862,0.000999001,1000,  1.734984845,-1.632391e+00, 1.200000e-02, 8.710000e-01,"Albania",2020-12-01,284
 8,0.96935033,1.1467368,0.22371692, 213.0,-0.792905923,0.212787213,1000, 8,1.56630728,1.6584039,0.08623023, 141.0, -1.068031526,0.140859141,1000, -1.603533935, 3.520334e-01, 8.300000e-02, 3.060000e-01,"Austria",2020-12-01,284
 1,NA,NA,NA,NA,NA,NA,1000, 1,NA,NA,NA,NA,NA,NA,1000,NA,-6.219641e+00, 1.970000e-01, 7.550000e-01,"Belarus",2020-12-01,284
17,0.47920182,0.9311304,0.13448546,   1.0,-3.360427326,0.000999001,1000,17,1.63727445,1.6579505,0.04958912, 282.0, -0.416946527,0.281718282,1000, -0.425068660,-5.282812e-01, 0.000000e+00, 9.010000e-01,"Belgium",2020-12-01,284
 3,1.42557493,1.5408270,0.34933587, 310.0,-0.329917627,0.309690310,1000, 3,1.58932467,1.6473464,0.23338138, 353.0, -0.248613566,0.352647353,1000, -1.090219724, 2.409983e-01, 2.970000e-01, 4.490000e-01,"Bosnia and Herzegovina",2020-12-01,284
 8,0.70387623,1.1416348,0.21981571,  24.0,-1.991479992,0.023976024,1000, 8,1.07208840,1.6618191,0.08501876,   1.0, -6.936476862,0.000999001,1000, -0.262118594,-1.461763e+00, 0.000000e+00, 9.890000e-01,"Bulgaria",2020-12-01,284
 4,1.08011032,1.4040709,0.31758239, 173.0,-1.020083498,0.172827173,1000, 4,1.58036561,1.6516326,0.16605944, 251.0, -0.429165303,0.250749251,1000, -0.574357257,-6.460835e-01, 3.400000e-02, 7.270000e-01,"Croatia",2020-12-01,284
 2,0.52356939,1.6463449,0.38184015,  40.0,-2.940433296,0.039960040,1000, 2,0.52356939,1.6535160,0.37304027,  35.0, -3.029020419,0.034965035,1000,NA,-7.390186e+00, 0.000000e+00, 9.990000e-01,"Cyprus",2020-12-01,284
 5,0.70525637,1.3221590,0.29294745,  18.0,-2.105847318,0.017982018,1000, 5,1.06729311,1.6611300,0.13747036,   5.0, -4.319745215,0.004995005,1000,  0.089557563,-1.452227e-01, 7.100000e-02, 5.700000e-01,"Czech Republic",2020-12-01,284
 2,0.27021948,1.6570680,0.37172523,   4.0,-3.730843177,0.003996004,1000, 2,0.27021948,1.6447874,0.39403777,   7.0, -3.488416733,0.006993007,1000,NA, 2.449824e+00, 7.140000e-01, 1.930000e-01,"Denmark",2020-12-01,284
 3,1.66107863,1.5182628,0.34067853, 423.0, 0.419210029,0.422577423,1000, 3,1.71971031,1.6609418,0.22615885, 373.0,  0.259854926,0.372627373,1000, -1.466966587, 2.640811e+00, 8.970000e-01, 3.000000e-02,"Estonia",2020-12-01,284
14,0.48845673,0.9751573,0.16880653,   2.0,-2.883185474,0.001998002,1000,14,1.57406214,1.6548294,0.05727655,  90.0, -1.410127539,0.089910090,1000,  1.031212020,-1.013939e-01, 0.000000e+00, 6.110000e-01,"Finland",2020-12-01,284
12,0.94125233,1.0214339,0.17451806, 331.0,-0.459445553,0.330669331,1000,12,1.53308018,1.6566793,0.06461358,  43.0, -1.912896780,0.042957043,1000, -1.722574233, 7.182536e-01, 2.060000e-01, 5.800000e-02,"France",2020-12-01,284
 8,0.94822846,1.1508025,0.23029645, 196.0,-0.879622835,0.195804196,1000, 8,1.63401366,1.6557188,0.09202945, 320.0, -0.235849565,0.319680320,1000, -1.656537134,-6.578821e-02, 9.000000e-03, 5.660000e-01,"Germany",2020-12-01,284
 3,0.11846604,1.5139996,0.35876665,   1.0,-3.889808330,0.000999001,1000, 3,0.23673208,1.6636369,0.21408617,   1.0, -6.665095837,0.000999001,1000,  1.726200901,-1.168848e+00, 3.100000e-02, 7.790000e-01,"Greece",2020-12-01,284
 1,NA,NA,NA,NA,NA,NA,1000, 1,NA,NA,NA,NA,NA,NA,1000,NA, 6.376543e+00, 7.090000e-01, 2.520000e-01,"Hungary",2020-12-01,284
 8,0.44028733,1.1559278,0.23080980,   1.0,-3.100563701,0.000999001,1000, 8,1.29818102,1.6473376,0.09722782,   9.0, -3.591117789,0.008991009,1000,  0.549579874,-3.442520e-01, 1.000000e-03, 7.290000e-01,"Iceland",2020-12-01,284
10,0.21688443,1.0662249,0.19340131,   1.0,-4.391596280,0.000999001,1000,10,1.25238125,1.6619010,0.07138604,   1.0, -5.736691696,0.000999001,1000,  1.601444556,-7.872903e-01, 0.000000e+00, 9.160000e-01,"Ireland",2020-12-01,284
10,0.61478179,1.0706558,0.19481866,  12.0,-2.339991380,0.011988012,1000,10,1.39332335,1.6570358,0.07584637,   7.0, -3.476928614,0.006993007,1000,  0.710566277,-4.518110e-01, 0.000000e+00, 7.890000e-01,"Italy",2020-12-01,284
 5,0.83539376,1.3179492,0.28429893,  61.0,-1.697352346,0.060939061,1000, 5,1.41808810,1.6587600,0.12927369,  61.0, -1.861723959,0.060939061,1000, -0.002919502,-7.050195e-01, 1.000000e-03, 7.810000e-01,"Kosovo",2020-12-01,284
 1,NA,NA,NA,NA,NA,NA,1000, 1,NA,NA,NA,NA,NA,NA,1000,NA, 3.004306e+00, 6.140000e-01, 3.090000e-01,"Latvia",2020-12-01,284
 7,0.03046514,1.1939220,0.24342885,   1.0,-4.779453260,0.000999001,1000, 7,0.06141474,1.6556233,0.10166839,   1.0,-15.680473940,0.000999001,1000,-13.579934686,-2.268158e+00, 0.000000e+00, 9.990000e-01,"Liechtenstein",2020-12-01,284
 5,0.35277064,1.3223954,0.28699541,   1.0,-3.378537574,0.000999001,1000, 5,0.48745489,1.6603684,0.13655177,   1.0, -8.589515387,0.000999001,1000, -1.394944399,-2.093066e+00, 0.000000e+00, 9.840000e-01,"Lithuania",2020-12-01,284
14,0.56368480,0.9831763,0.15512637,   3.0,-2.704192364,0.002997003,1000,14,1.45754472,1.6566635,0.05766910,   7.0, -3.452781323,0.006993007,1000, -0.176163292,-2.590675e-01, 0.000000e+00, 7.210000e-01,"Luxembourg",2020-12-01,284
 9,1.00562398,1.1087864,0.20843942, 310.0,-0.494927512,0.309690310,1000, 9,1.59312139,1.6577505,0.08313628, 169.0, -0.777387098,0.168831169,1000, -1.789397524,-2.300912e-01, 0.000000e+00, 6.770000e-01,"Netherlands",2020-12-01,284
 1,NA,NA,NA,NA,NA,NA,1000, 1,NA,NA,NA,NA,NA,NA,1000,NA,-1.641463e+01, 1.800000e-02, 9.750000e-01,"North Macedonia",2020-12-01,284
14,0.39045990,0.9749474,0.16186813,   1.0,-3.610886562,0.000999001,1000,14,1.55872865,1.6576350,0.05757138,  61.0, -1.717976990,0.060939061,1000,  0.902366874,-2.582299e-01, 0.000000e+00, 7.240000e-01,"Norway",2020-12-01,284
 4,1.67628515,1.4119708,0.31454611, 670.0, 0.840303956,0.669330669,1000, 4,1.75996488,1.6556094,0.18447480, 624.0,  0.565689856,0.623376623,1000, -2.183121068,-8.538548e-01, 1.300000e-02, 8.010000e-01,"Poland",2020-12-01,284
13,0.23773072,0.9950954,0.16896897,   1.0,-4.482270658,0.000999001,1000,13,1.23083870,1.6570809,0.05989647,   1.0, -7.116316367,0.000999001,1000,  1.238698842,-2.966131e-01, 0.000000e+00, 7.580000e-01,"Portugal",2020-12-01,284
 6,1.04615663,1.2579508,0.26513690, 232.0,-0.798810822,0.231768232,1000, 6,1.40915506,1.6607844,0.11556074,  36.0, -2.177464022,0.035964036,1000, -1.333284396,-3.974149e-01, 9.000000e-03, 7.250000e-01,"Romania",2020-12-01,284
 8,1.34314907,1.1552211,0.22433562, 793.0, 0.837708825,0.792207792,1000, 8,1.68866056,1.6633760,0.08396019, 549.0,  0.301149840,0.548451548,1000, -2.679550155, 1.425077e-01, 2.800000e-02, 4.350000e-01,"Serbia",2020-12-01,284
 2,1.81814818,1.6464722,0.37552505, 494.5, 0.457162462,0.494005994,1000, 2,1.81814818,1.6664246,0.36629600, 452.5,  0.414210327,0.452047952,1000,NA,-1.800130e+00, 9.000000e-02, 8.000000e-01,"Slovakia",2020-12-01,284
17,0.28508467,0.9273530,0.14365136,   1.0,-4.471021266,0.000999001,1000,17,0.86140668,1.6546272,0.04957609,   1.0,-16.000062972,0.000999001,1000,  0.837136650,-1.281717e+00, 0.000000e+00, 9.990000e-01,"Slovenia",2020-12-01,284
10,0.59446699,1.0734469,0.19610543,   9.0,-2.442461100,0.008991009,1000,10,0.95674743,1.6567857,0.07343186,   1.0, -9.533168139,0.000999001,1000, -2.305287170,-5.610566e-01, 0.000000e+00, 8.410000e-01,"Spain",2020-12-01,284
10,1.12569265,1.0818540,0.19954801, 582.0, 0.219689924,0.581418581,1000,10,1.67822280,1.6591601,0.07462483, 536.0,  0.255447764,0.535464535,1000, -2.632458169, 8.103364e-01, 3.310000e-01, 6.200000e-02,"Sweden",2020-12-01,284
13,0.88842767,0.9792413,0.16181655, 301.0,-0.561213331,0.300699301,1000,13,1.67764422,1.6560678,0.06069411, 594.0,  0.355494781,0.593406593,1000, -2.412089622, 5.156540e-01, 5.600000e-02, 1.310000e-01,"Switzerland",2020-12-01,284
10,1.02820072,1.0686736,0.19843809, 412.0,-0.203957416,0.411588412,1000,10,1.64645728,1.6573160,0.07771133, 374.0, -0.139731364,0.373626374,1000, -2.435654976, 7.307079e-01, 2.600000e-01, 9.200000e-02,"Turkey",2020-12-01,284
 1,NA,NA,NA,NA,NA,NA,1000, 1,NA,NA,NA,NA,NA,NA,1000,NA,-1.090148e+01, 4.700000e-02, 9.520000e-01,"Ukraine",2020-12-01,284
12,0.39374089,1.0121741,0.17196932,   1.0,-3.596183136,0.000999001,1000,12,0.97212824,1.6513939,0.06967610,   1.0, -9.748905409,0.000999001,1000,  0.765773298, 7.345374e-01, 2.270000e-01, 6.700000e-02,"United Kingdom",2020-12-01,284
