"ses.mntd.ntaxa","ses.mntd.mntd.obs","ses.mntd.mntd.rand.mean","ses.mntd.mntd.rand.sd","ses.mntd.mntd.obs.rank","ses.mntd.mntd.obs.z","ses.mntd.mntd.obs.p","ses.mntd.runs","ses.mpd.ntaxa","ses.mpd.mpd.obs","ses.mpd.mpd.rand.mean","ses.mpd.mpd.rand.sd","ses.mpd.mpd.obs.rank","ses.mpd.mpd.obs.z","ses.mpd.mpd.obs.p","ses.mpd.runs","gamma","area","month","tree_size"
6,0.286691028514535,0.326768325722149,0.0585847304292257,265,-0.684091177239956,0.264735264735265,1000,6,0.352063331591504,0.422762166643851,0.064479891354408,138,-1.09644780050508,0.137862137862138,1000,-2.13604795473308,"Austria",2020-04-01,82
1,NA,NA,NA,NA,NA,NA,1000,1,NA,NA,NA,NA,NA,NA,1000,NA,"Belarus",2020-04-01,82
1,NA,NA,NA,NA,NA,NA,1000,1,NA,NA,NA,NA,NA,NA,1000,NA,"Belgium",2020-04-01,82
1,NA,NA,NA,NA,NA,NA,1000,1,NA,NA,NA,NA,NA,NA,1000,NA,"Bulgaria",2020-04-01,82
2,0.391718672733987,0.422838941407495,0.128870672789119,365.5,-0.241484489837601,0.365134865134865,1000,2,0.391718672733987,0.430436717623124,0.12790802160838,356,-0.302702241831876,0.355644355644356,1000,NA,"Cyprus",2020-04-01,82
1,NA,NA,NA,NA,NA,NA,1000,1,NA,NA,NA,NA,NA,NA,1000,NA,"Czech Republic",2020-04-01,82
5,0.2579859635714,0.337221081412418,0.0624813431801407,91,-1.2681404369393,0.0909090909090909,1000,5,0.349442482087215,0.425033873257202,0.0721131538344973,139,-1.04823304973558,0.138861138861139,1000,-1.2927787135782,"Denmark",2020-04-01,82
4,0.260084568644231,0.352329575513357,0.071395423357848,94,-1.29202969225037,0.0939060939060939,1000,4,0.322298952106432,0.422350992430821,0.0804129848304892,84,-1.24422741594905,0.0839160839160839,1000,-0.156926405304011,"Finland",2020-04-01,82
1,NA,NA,NA,NA,NA,NA,1000,1,NA,NA,NA,NA,NA,NA,1000,NA,"France",2020-04-01,82
3,0.526333492773726,0.375841056950569,0.0882400926514196,964,1.70548818911213,0.963036963036963,1000,3,0.608124997695086,0.42460641573165,0.0953165596268491,982.5,1.92535885350757,0.981518481518482,1000,-0.919867662279296,"Germany",2020-04-01,82
3,0.318797801908583,0.372000052617326,0.0869208942714267,310,-0.612076660677345,0.30969030969031,1000,3,0.369374812913369,0.421009368880052,0.0941678731525421,301,-0.548324542522488,0.300699300699301,1000,-1.00039347468784,"Greece",2020-04-01,82
2,0.256381082342614,0.427333971215237,0.124998001005292,80.5,-1.36764498230164,0.0804195804195804,1000,2,0.256381082342614,0.420541887257786,0.127719648752827,99.5,-1.28532145615956,0.0994005994005994,1000,NA,"Hungary",2020-04-01,82
4,0.131768762164256,0.352838946654242,0.074287653021986,2,-2.97586712592143,0.001998001998002,1000,4,0.438410970139178,0.424423841049226,0.0791575524716903,628,0.176699868214787,0.627372627372627,1000,1.13291087391961,"Iceland",2020-04-01,82
2,0.280971246276977,0.428845671974907,0.129467895059951,143,-1.142170617893,0.142857142857143,1000,2,0.280971246276977,0.426773954311856,0.124688828682137,136,-1.1693325663245,0.135864135864136,1000,NA,"Ireland",2020-04-01,82
4,0.177417482160877,0.349100965193542,0.0730294206993987,2,-2.35088107489368,0.001998001998002,1000,4,0.2899121590735,0.422311568808679,0.079327135166282,40,-1.66903052098944,0.03996003996004,1000,-0.498012714947998,"Latvia",2020-04-01,82
2,0.113878491093146,0.423985325056804,0.129071063594972,7.5,-2.40260539679738,0.00749250749250749,1000,2,0.113878491093146,0.42116878938701,0.13032530831724,3,-2.35787125510459,0.002997002997003,1000,NA,"Lithuania",2020-04-01,82
3,0.399004647233217,0.374269847377045,0.0903468115989461,617,0.27377612356672,0.616383616383616,1000,3,0.408112115357047,0.423638994620646,0.0975464729697925,500,-0.159174174020698,0.4995004995005,1000,-1.73205080756888,"Luxembourg",2020-04-01,82
2,0.498276049783271,0.425810840971085,0.125770415695774,789.5,0.576170543854072,0.788711288711289,1000,2,0.498276049783271,0.425328791625314,0.132987598412524,770,0.548526772636931,0.769230769230769,1000,NA,"Netherlands",2020-04-01,82
3,0.226496117804118,0.372397988732515,0.0865902631091449,28,-1.68496855985403,0.027972027972028,1000,3,0.238121545214047,0.426793188296107,0.0957568589851243,14,-1.97031988185169,0.013986013986014,1000,-1.2191213772674,"Norway",2020-04-01,82
4,0.197715955731269,0.35208126400999,0.0731149352659005,9,-2.11126916432783,0.00899100899100899,1000,4,0.484983531929364,0.4257089231844,0.0798494952489045,703,0.742329160130501,0.702297702297702,1000,0.442030230995993,"Poland",2020-04-01,82
2,0.416308836668577,0.425625425198087,0.126688802192012,462.5,-0.0735391634328453,0.462037962037962,1000,2,0.416308836668577,0.420065239276626,0.128343680215763,507,-0.0292683099139317,0.506493506493506,1000,NA,"Portugal",2020-04-01,82
3,0.26690714368912,0.374081081544538,0.0851336582711161,90,-1.25889031473443,0.0899100899100899,1000,3,0.359822926426508,0.427507698928863,0.0983826151692451,238,-0.687974927134423,0.237762237762238,1000,0.12402043022299,"Romania",2020-04-01,82
5,0.210346080603586,0.340629130384695,0.062309468884491,14,-2.0909029095181,0.013986013986014,1000,5,0.24638115349926,0.425976777592348,0.0709153533842344,4,-2.53253513551574,0.003996003996004,1000,-2.81570419503534,"Russia",2020-04-01,82
2,0.272774524965598,0.416811975156317,0.124534779833536,139.5,-1.15660420633699,0.139360639360639,1000,2,0.272774524965598,0.425797346332431,0.126367340096841,116.5,-1.21093647495915,0.116383616383616,1000,NA,"Serbia",2020-04-01,82
1,NA,NA,NA,NA,NA,NA,1000,1,NA,NA,NA,NA,NA,NA,1000,NA,"Slovakia",2020-04-01,82
2,0.583535352815261,0.421835913566396,0.125249989906395,812,1.29101359105666,0.811188811188811,1000,2,0.583535352815261,0.424394794535105,0.126663600228248,815.5,1.25640324444737,0.814685314685315,1000,NA,"Slovenia",2020-04-01,82
1,NA,NA,NA,NA,NA,NA,1000,1,NA,NA,NA,NA,NA,NA,1000,NA,"Spain",2020-04-01,82
2,0.364396268362498,0.419570850591322,0.125350165172268,322,-0.440163618077393,0.321678321678322,1000,2,0.364396268362498,0.427082026222493,0.123846804678859,291.5,-0.506155633345107,0.291208791208791,1000,NA,"Sweden",2020-04-01,82
1,NA,NA,NA,NA,NA,NA,1000,1,NA,NA,NA,NA,NA,NA,1000,NA,"Switzerland",2020-04-01,82
4,0.361207161684263,0.350735941063901,0.075182517984407,588,0.139277333362699,0.587412587412587,1000,4,0.484683045571842,0.420857854241144,0.0831584450315085,727,0.767513044604365,0.726273726273726,1000,0.486976798957104,"Turkey",2020-04-01,82
2,0.341080535894434,0.423626428882393,0.124443146528324,277,-0.663322129749993,0.276723276723277,1000,2,0.341080535894434,0.426082652504301,0.127139043519984,267.5,-0.668576027131313,0.267232767232767,1000,NA,"Ukraine",2020-04-01,82
3,0.2764175122151,0.372181789066663,0.0873117512133935,131,-1.09680856838516,0.130869130869131,1000,3,0.282792739901803,0.423147892247014,0.0958772555211995,66.5,-1.46390456821302,0.0664335664335664,1000,-1.73205080756888,"United Kingdom",2020-04-01,82
3,0.00903469963456397,0.261735407047475,0.0854185265469263,1,-2.95838288985335,0.000999000999000999,1000,3,0.0144264120196264,0.301960326015029,0.0709581546054108,1,-4.05216166618681,0.000999000999000999,1000,-0.363150780535765,"Austria",2020-02-01,47
1,NA,NA,NA,NA,NA,NA,1000,1,NA,NA,NA,NA,NA,NA,1000,NA,"Belgium",2020-02-01,47
1,NA,NA,NA,NA,NA,NA,1000,1,NA,NA,NA,NA,NA,NA,1000,NA,"Czech Republic",2020-02-01,47
2,0.16221047601266,0.299756563119516,0.109955764093899,104.5,-1.25092202523731,0.104395604395604,1000,2,0.16221047601266,0.299762824379452,0.10929507337781,104.5,-1.25854115941075,0.104395604395604,1000,NA,"Denmark",2020-02-01,47
1,NA,NA,NA,NA,NA,NA,1000,1,NA,NA,NA,NA,NA,NA,1000,NA,"Finland",2020-02-01,47
2,0.170407197324039,0.296841234874036,0.110256405694576,238.5,-1.14672736475952,0.238261738261738,1000,2,0.170407197324039,0.298523749867296,0.110771135987255,238.5,-1.15658787283718,0.238261738261738,1000,NA,"France",2020-02-01,47
2,0.114144523265168,0.304719656933362,0.104617748814818,34,-1.82163290480976,0.033966033966034,1000,2,0.114144523265168,0.299049495793137,0.10932648932253,46,-1.69130988906514,0.045954045954046,1000,NA,"Germany",2020-02-01,47
1,NA,NA,NA,NA,NA,NA,1000,1,NA,NA,NA,NA,NA,NA,1000,NA,"Greece",2020-02-01,47
1,NA,NA,NA,NA,NA,NA,1000,1,NA,NA,NA,NA,NA,NA,1000,NA,"Iceland",2020-02-01,47
3,0.222506382123432,0.256316205410523,0.0868814187730345,254.5,-0.389149069669482,0.254245754245754,1000,3,0.299195730857264,0.301574697376513,0.0704745764915587,341,-0.0337563790757148,0.340659340659341,1000,-0.140883218062528,"Italy",2020-02-01,47
2,0.0067422299844111,0.301334501528589,0.108748637517331,8.5,-2.7089283899969,0.00849150849150849,1000,2,0.0067422299844111,0.299842776997403,0.110864604419332,8,-2.64377028672177,0.00799200799200799,1000,NA,"Luxembourg",2020-02-01,47
2,0.021225129900813,0.301791953756619,0.108523244090947,11,-2.58531548891664,0.010989010989011,1000,2,0.021225129900813,0.290210563418877,0.114466919998318,25,-2.34989666466098,0.024975024975025,1000,NA,"Netherlands",2020-02-01,47
5,0.0438544992670359,0.206207502844228,0.0586814029847048,2,-2.76668578662833,0.001998001998002,1000,5,0.0915106405783263,0.301372607819457,0.0460282204727519,2,-4.55941952753455,0.001998001998002,1000,2.91167350911292,"Norway",2020-02-01,47
8,0.135627793815161,0.169156593418832,0.0425341414000223,226,-0.788279685449428,0.225774225774226,1000,8,0.320966812121404,0.300842089991044,0.0321862025579524,713,0.625259289104527,0.712287712287712,1000,-0.346633830195442,"Spain",2020-02-01,47
4,0.0807213843061731,0.224545976610001,0.0685995520752148,15,-2.09658209059636,0.014985014985015,1000,4,0.161442768612346,0.302041216223202,0.0555306175509989,35,-2.5319085904588,0.034965034965035,1000,2.44948974278318,"Sweden",2020-02-01,47
2,0.0405340878069183,0.293885372723266,0.11256324294005,42.5,-2.25074614322616,0.0424575424575425,1000,2,0.0405340878069183,0.297663464910833,0.110845847625148,41,-2.31970238500462,0.040959040959041,1000,NA,"Switzerland",2020-02-01,47
7,0.0945385042064117,0.17771139529873,0.0465371641395511,43,-1.78723591413752,0.042957042957043,1000,7,0.240157143649023,0.301833818937586,0.0364131816536827,59,-1.69380077454249,0.0589410589410589,1000,0.340533259531733,"United Kingdom",2020-02-01,47
1,NA,NA,NA,NA,NA,NA,1000,1,NA,NA,NA,NA,NA,NA,1000,NA,"Andorra",2020-03-01,68
4,0.235392025700605,0.235888782096464,0.0648953485225167,498,-0.00765473038004798,0.497502497502497,1000,4,0.345307541880554,0.298975245558878,0.0651875223772829,712,0.710754062004696,0.711288711288711,1000,-0.0772701559314321,"Austria",2020-03-01,68
2,0.337073863991009,0.299081570383715,0.107801842586159,805,0.352427126437375,0.804195804195804,1000,2,0.337073863991009,0.295995866579985,0.10211744632487,823,0.402262286116528,0.822177822177822,1000,NA,"Belgium",2020-03-01,68
3,0.308840712806993,0.255717369349352,0.0745375872727972,776,0.712705433611856,0.775224775224775,1000,3,0.315215940493696,0.294582668560078,0.0775186775792577,716,0.266171619252951,0.715284715284715,1000,-1.73205080756888,"Bosnia and Herzegovina",2020-03-01,68
2,0.312483700056418,0.303348452122124,0.106097135266476,653,0.0861026823330311,0.652347652347652,1000,2,0.312483700056418,0.297630827040606,0.10291729897952,666,0.144318527235816,0.665334665334665,1000,NA,"Bulgaria",2020-03-01,68
1,NA,NA,NA,NA,NA,NA,1000,1,NA,NA,NA,NA,NA,NA,1000,NA,"Croatia",2020-03-01,68
4,0.0375592024726075,0.240241352100453,0.0657208137956493,1,-3.0839872168665,0.000999000999000999,1000,4,0.071718640681335,0.295456243422868,0.0636409240495884,1,-3.51562467206162,0.000999000999000999,1000,17.275726717368,"Cyprus",2020-03-01,68
1,NA,NA,NA,NA,NA,NA,1000,1,NA,NA,NA,NA,NA,NA,1000,NA,"Czech Republic",2020-03-01,68
2,0.0858154262837161,0.29534868529478,0.103054867260137,24,-2.03322040561313,0.023976023976024,1000,2,0.0858154262837161,0.293965960813923,0.105082744622306,34,-1.98082506579317,0.033966033966034,1000,NA,"Denmark",2020-03-01,68
2,0.285161295684929,0.292431433306172,0.104446435141863,501.5,-0.0696063739405565,0.500999000999001,1000,2,0.285161295684929,0.295891557527729,0.099840321211097,484.5,-0.10747423198,0.484015984015984,1000,NA,"Finland",2020-03-01,68
3,0.0899396076171494,0.253500617304647,0.0744273747551543,5,-2.19759208524509,0.004995004995005,1000,3,0.113619024739213,0.299491195849647,0.0772040905159364,5,-2.40754304426482,0.004995004995005,1000,-1.73205080756888,"France",2020-03-01,68
3,0.116892015191373,0.258149895684756,0.073439681830588,27,-1.92345441826994,0.026973026973027,1000,3,0.183267092596604,0.298056750465351,0.0771301372273994,30,-1.48825947930467,0.02997002997003,1000,0.325236010388986,"Germany",2020-03-01,68
2,0.271500093499071,0.296465588619303,0.103014522727193,394,-0.242349277163047,0.393606393606394,1000,2,0.271500093499071,0.296850640521436,0.107155274458586,384.5,-0.236577687383578,0.384115884115884,1000,NA,"Greece",2020-03-01,68
1,NA,NA,NA,NA,NA,NA,1000,1,NA,NA,NA,NA,NA,NA,1000,NA,"Hungary",2020-03-01,68
2,0.301554738307686,0.296542526156079,0.100684925834249,592.5,0.0497811575077136,0.591908091908092,1000,2,0.301554738307686,0.299385263394408,0.10730821442583,563,0.0202172305716401,0.562437562437562,1000,NA,"Ireland",2020-03-01,68
1,NA,NA,NA,NA,NA,NA,1000,1,NA,NA,NA,NA,NA,NA,1000,NA,"Italy",2020-03-01,68
1,NA,NA,NA,NA,NA,NA,1000,1,NA,NA,NA,NA,NA,NA,1000,NA,"Latvia",2020-03-01,68
3,0.203283084696068,0.254308267296532,0.0763581899655281,254,-0.668234574752226,0.253746253746254,1000,3,0.249231297658601,0.301010579233275,0.0797414508333805,268,-0.64933959733021,0.267732267732268,1000,-0.144678282345091,"Luxembourg",2020-03-01,68
2,0.0920329093992223,0.303351867649929,0.105181345097849,22.5,-2.0090916127201,0.0224775224775225,1000,2,0.0920329093992223,0.297782390063613,0.103827115264835,31.5,-1.98165460091596,0.0314685314685315,1000,NA,"Moldova",2020-03-01,68
1,NA,NA,NA,NA,NA,NA,1000,1,NA,NA,NA,NA,NA,NA,1000,NA,"Netherlands",2020-03-01,68
3,0.35274317629478,0.256465284002216,0.0778925950751479,894,1.23603395418625,0.893106893106893,1000,3,0.419414310092331,0.29656731851377,0.0756379997503911,897.5,1.62414384282982,0.896603396603397,1000,-0.67898634714889,"Norway",2020-03-01,68
4,0.373144268638043,0.240164031304301,0.0655475104255797,980,2.02876106919001,0.979020979020979,1000,4,0.420143635034037,0.297166956649789,0.0645026594943538,967,1.90653655753548,0.966033966033966,1000,-1.07114243075766,"Poland",2020-03-01,68
2,0.328877142679403,0.295184969206542,0.101896069062284,780,0.330652338043254,0.779220779220779,1000,2,0.328877142679403,0.302260164391678,0.107595890247812,752.5,0.247379135266429,0.751748251748252,1000,NA,"Portugal",2020-03-01,68
1,NA,NA,NA,NA,NA,NA,1000,1,NA,NA,NA,NA,NA,NA,1000,NA,"Russia",2020-03-01,68
2,0.290625776559182,0.290308121262039,0.107623814993735,556,0.00295153351663793,0.555444555444555,1000,2,0.290625776559182,0.296245613565819,0.101800497894765,512,-0.0552044157234591,0.511488511488511,1000,NA,"Serbia",2020-03-01,68
1,NA,NA,NA,NA,NA,NA,1000,1,NA,NA,NA,NA,NA,NA,1000,NA,"Slovakia",2020-03-01,68
1,NA,NA,NA,NA,NA,NA,1000,1,NA,NA,NA,NA,NA,NA,1000,NA,"Spain",2020-03-01,68
7,0.14619911600786,0.204365222518324,0.047946678070594,108,-1.21314153245036,0.107892107892108,1000,7,0.284996376006477,0.298265458213178,0.0461022003005159,456,-0.287818848562691,0.455544455544456,1000,-0.808669134130193,"Sweden",2020-03-01,68
2,0.497748925203041,0.295241065588597,0.102531716445667,944.5,1.97507529020794,0.943556443556444,1000,2,0.497748925203041,0.300771618951706,0.107110544049476,946,1.8390094831406,0.945054945054945,1000,NA,"Turkey",2020-03-01,68
1,NA,NA,NA,NA,NA,NA,1000,1,NA,NA,NA,NA,NA,NA,1000,NA,"Ukraine",2020-03-01,68
3,0.296672910321983,0.25287256270397,0.0728466876868488,744,0.601267525111105,0.743256743256743,1000,3,0.305489052001576,0.296313765708077,0.0782024552976303,671,0.117327342966131,0.67032967032967,1000,-1.36996372408548,"United Kingdom",2020-03-01,68
3,0.115120062159576,0.13308592614467,0.0550379737797257,531.5,-0.326426696901988,0.530969030969031,1000,3,0.163535357760641,0.166742343482944,0.0446805069203229,475.5,-0.0717759475742253,0.475024975024975,1000,-0.0264185374880835,"France",2020-01-01,11
4,0.0189222984381558,0.11050888745429,0.0433705274272935,9.5,-2.11172412347695,0.00949050949050949,1000,4,0.0322211968017806,0.167707469483042,0.0283528381359282,2.5,-4.77857885096786,0.0024975024975025,1000,1.25489926265739,"Germany",2020-01-01,11
2,0,0.170563710124229,0.0715727998231954,11.5,-2.38308003243646,0.0114885114885115,1000,2,0,0.171174313552923,0.0706411623354256,10,-2.42315256280943,0.00999000999000999,1000,NA,"Italy",2020-01-01,11
1,NA,NA,NA,NA,NA,NA,1000,1,NA,NA,NA,NA,NA,NA,1000,NA,"Sweden",2020-01-01,11
1,NA,NA,NA,NA,NA,NA,1000,1,NA,NA,NA,NA,NA,NA,1000,NA,"United Kingdom",2020-01-01,11
11,0.366361986727663,1.08326903122963,0.193293131944076,1,-3.70891110973042,0.000999000999000999,1000,11,0.691848646510913,1.72336537101288,0.103210049377977,1,-9.99434387173223,0.000999000999000999,1000,2.01731206134355,"Albania",2021-01-01,466
14,0.513557441041241,1.02869907166963,0.15914512898203,2,-3.23692992630997,0.001998001998002,1000,14,1.69892497899397,1.71802224599917,0.0957165926174714,346,-0.199518876330288,0.345654345654346,1000,-0.467435593730465,"Austria",2021-01-01,466
9,1.26318919347351,1.13403440921081,0.227553755797874,714,0.567579224565411,0.713286713286713,1000,9,1.52804803144116,1.71126411737845,0.133317127574719,105,-1.37428767983774,0.104895104895105,1000,-3.03972784447738,"Azerbaijan",2021-01-01,466
2,1.96581104491747,1.73643158193271,0.443621306161207,841,0.51706142107929,0.84015984015984,1000,2,1.96581104491747,1.70187829117795,0.484556807892547,814,0.544688980611846,0.813186813186813,1000,NA,"Belarus",2021-01-01,466
8,0.902527128318297,1.1697360869905,0.246442963488882,145,-1.08426288537247,0.144855144855145,1000,8,1.54523582729151,1.71815831820851,0.134951166838174,105,-1.28137084671789,0.104895104895105,1000,-1.02694535088955,"Belgium",2021-01-01,466
9,1.20902640162502,1.13391798560287,0.220157750763796,651,0.341157264559523,0.65034965034965,1000,9,1.75021839526561,1.71011701587095,0.13470394419205,521,0.297700112904536,0.520479520479521,1000,-2.20274441486431,"Bosnia and Herzegovina",2021-01-01,466
11,0.575717791834202,1.0847745211776,0.18989385165593,4,-2.680743609676,0.003996003996004,1000,11,1.30680222229003,1.71607770082245,0.116094114505009,8,-3.52537663323806,0.00799200799200799,1000,-0.348601077341772,"Bulgaria",2021-01-01,466
10,0.781111307426272,1.09967700190466,0.206812887771098,59,-1.54035707306101,0.0589410589410589,1000,10,1.6283078002613,1.71636571656474,0.122855910096091,182,-0.71675767355893,0.181818181818182,1000,-0.796272808358181,"Croatia",2021-01-01,466
10,0.437033756080291,1.10603615981671,0.208316162052198,1,-3.21147623470899,0.000999000999000999,1000,10,1.30850200964656,1.71649819449032,0.119826109766408,12,-3.40490220068991,0.011988011988012,1000,1.64280581646164,"Cyprus",2021-01-01,466
13,0.694699607255573,1.04766252769579,0.168443865478591,17,-2.09543351096438,0.016983016983017,1000,13,1.49882268746229,1.70729702910186,0.105597533583419,55,-1.97423495194504,0.0549450549450549,1000,0.123198256591035,"Czech Republic",2021-01-01,466
17,0.684525643332978,0.985017218326455,0.141226046639228,16,-2.12773480632156,0.015984015984016,1000,17,1.56077883699455,1.71721085508472,0.0876234446222659,54,-1.78527583302088,0.0539460539460539,1000,-1.13935871000677,"Denmark",2021-01-01,466
7,0.361290916624577,1.19176517794179,0.271255109621543,1,-3.06159859062526,0.000999000999000999,1000,7,1.35162445669457,1.71113904579319,0.151025892176151,27,-2.38048313384102,0.026973026973027,1000,1.66878799868781,"Estonia",2021-01-01,466
12,0.481029491075503,1.06450824269064,0.174194811736628,1,-3.34957594774591,0.000999000999000999,1000,12,1.33584622582353,1.71801764039215,0.105216517661997,10,-3.63223781836541,0.00999000999000999,1000,0.84782495569789,"Finland",2021-01-01,466
16,0.619562644451875,1.00400059580398,0.146067815400589,4,-2.63191415780258,0.003996003996004,1000,16,1.58349930123867,1.7134737679459,0.0928502035032848,81,-1.39982963745067,0.0809190809190809,1000,-0.039623569986977,"France",2021-01-01,466
15,1.25097635999556,1.01439155002272,0.148779677331038,945,1.59016886053891,0.944055944055944,1000,15,1.82643683688095,1.71591033590688,0.0919076653209366,947,1.20258196732682,0.946053946053946,1000,-3.57401177494559,"Germany",2021-01-01,466
10,0.508652987959408,1.0981958319739,0.214702418162581,1,-2.74586028913781,0.000999000999000999,1000,10,1.37413107332279,1.71580463696995,0.115300094783277,11,-2.96334156783984,0.010989010989011,1000,0.672184819759845,"Greece",2021-01-01,466
17,0.288318702044067,0.984221285853335,0.143325682018975,1,-4.85539349268289,0.000999000999000999,1000,17,1.28555183600526,1.7109688953233,0.0873193724305585,2,-4.87196652330916,0.001998001998002,1000,1.95176826338887,"Hungary",2021-01-01,466
6,1.22011543460076,1.2636529446062,0.296290982674999,463,-0.146941731443784,0.462537462537463,1000,6,1.62480651678902,1.72050856834112,0.157878103860978,239,-0.606176849174527,0.238761238761239,1000,-1.55547820465308,"Iceland",2021-01-01,466
10,0.771723093095397,1.10143703194923,0.20930502151784,54,-1.57527963955576,0.0539460539460539,1000,10,1.23837464016697,1.71032795872394,0.121927626698926,9,-3.87076605470522,0.00899100899100899,1000,0.8674844492727,"Ireland",2021-01-01,466
9,0.676698263110287,1.12775096766168,0.211493895477769,17,-2.13269845700488,0.016983016983017,1000,9,1.49796541744844,1.71185115925635,0.126530761817756,71,-1.69038531607018,0.0709290709290709,1000,-0.623617571384397,"Italy",2021-01-01,466
14,0.535392818951323,1.02638314577949,0.16196057963757,2,-3.03154216863689,0.001998001998002,1000,14,1.67511832701493,1.71514925192254,0.0991638222672977,264,-0.403684771243529,0.263736263736264,1000,-0.615536421557041,"Kosovo",2021-01-01,466
15,0.861207146302695,1.01739319091114,0.156342456419631,163,-0.998999556391967,0.162837162837163,1000,15,1.62325041469369,1.70982403428936,0.0972332010944228,172,-0.890370970216204,0.171828171828172,1000,-1.37642342312033,"Latvia",2021-01-01,466
2,1.93567405861609,1.72415266189754,0.45459530316849,643,0.46529604517305,0.642357642357642,1000,2,1.93567405861609,1.70957023680136,0.463692505116456,657,0.487615864651377,0.656343656343656,1000,NA,"Liechtenstein",2021-01-01,466
12,0.545413350890991,1.06313083913933,0.18105655230404,3,-2.85942420564245,0.002997002997003,1000,12,0.974553833367905,1.71579680219282,0.104110638497252,1,-7.11976201014729,0.000999000999000999,1000,1.04233122595524,"Lithuania",2021-01-01,466
13,0.975641452917653,1.03798074937073,0.17361848726662,373,-0.359059092349661,0.372627372627373,1000,13,1.74928334051479,1.72261327007097,0.0928709860642384,536,0.287173331242247,0.535464535464535,1000,-2.14926593146835,"Luxembourg",2021-01-01,466
1,NA,NA,NA,NA,NA,NA,1000,1,NA,NA,NA,NA,NA,NA,1000,NA,"Monaco",2021-01-01,466
14,0.46190068575301,1.02323568265295,0.162117920084413,1,-3.46251047760582,0.000999000999000999,1000,14,1.54801176533029,1.71738217619039,0.0923076344556073,59,-1.83484726760654,0.0589410589410589,1000,0.756009647160605,"Montenegro",2021-01-01,466
13,0.745954423368385,1.03518308184941,0.170216196026964,48,-1.69918412719792,0.047952047952048,1000,13,1.54859263376484,1.71063213890201,0.103182597209585,68,-1.57041506532385,0.0679320679320679,1000,-1.42850834829028,"Netherlands",2021-01-01,466
16,1.01282517211519,0.995658986333933,0.149978548762853,543,0.114457606923481,0.542457542457542,1000,16,1.77063792436279,1.71710904406337,0.0877033457184404,701,0.610340231161378,0.7002997002997,1000,-3.25741567147288,"North Macedonia",2021-01-01,466
16,0.718192881053241,0.998232947600914,0.147386565806243,29,-1.90003793775763,0.028971028971029,1000,16,1.72953695191517,1.71302379310095,0.0910239841085873,485,0.181415469515382,0.484515484515485,1000,-1.10286448493696,"Norway",2021-01-01,466
14,0.635958473740516,1.02599446786106,0.158407576209589,4,-2.46223068020742,0.003996003996004,1000,14,1.66791683017908,1.71389964380689,0.0964016275508347,256,-0.4769920881633,0.255744255744256,1000,-0.92517538148301,"Poland",2021-01-01,466
9,0.850478231140313,1.13405314183948,0.22300058428825,94,-1.27163303900864,0.0939060939060939,1000,9,1.63976584947775,1.71222972884611,0.128909392161467,249,-0.562130331648743,0.248751248751249,1000,-0.804866656696705,"Portugal",2021-01-01,466
10,0.763507753287695,1.09998031637375,0.20695717153037,45,-1.62580770020177,0.044955044955045,1000,10,1.56457207104938,1.71751486020429,0.117675814581815,110,-1.29969603098502,0.10989010989011,1000,-0.699527477361731,"Romania",2021-01-01,466
9,1.20840612798793,1.13407795603996,0.218994542570061,647,0.339406503357011,0.646353646353646,1000,9,1.60786821743063,1.70895592650704,0.139023455148647,177,-0.727127008664293,0.176823176823177,1000,-2.86565546166984,"Russia",2021-01-01,466
9,0.722281866355843,1.13559676597846,0.22901813288399,35,-1.80472565389387,0.034965034965035,1000,9,1.58800736911748,1.71385698963553,0.125489540462427,128,-1.00286940293432,0.127872127872128,1000,-1.01494034749794,"Serbia",2021-01-01,466
11,0.30390034711509,1.08403370524548,0.192721504337309,1,-4.04798292132969,0.000999000999000999,1000,11,0.593691660233476,1.71648378827723,0.112562305945734,1,-9.97485009400084,0.000999000999000999,1000,3.20003649680259,"Slovakia",2021-01-01,466
9,0.318091681914994,1.13846679841385,0.219883297395526,1,-3.73095694950928,0.000999000999000999,1000,9,0.530217153011576,1.71475966003336,0.120440113639053,1,-9.83511615217949,0.000999000999000999,1000,-2.28354923886003,"Slovenia",2021-01-01,466
8,0.488670748348824,1.17590756373273,0.248730568670938,1,-2.76297689928534,0.000999000999000999,1000,8,1.36371890725818,1.71779049207093,0.13846419566872,25,-2.55713459427357,0.024975024975025,1000,0.24999260131238,"Spain",2021-01-01,466
10,0.417523913093351,1.0961271346137,0.207799516302949,1,-3.26566314298357,0.000999000999000999,1000,10,0.944446812645442,1.72116264481719,0.113105515769402,1,-6.86717908395652,0.000999000999000999,1000,-1.15141411937055,"Sweden",2021-01-01,466
13,0.807230353172949,1.044540544591,0.168617038953336,69,-1.40739152395937,0.0689310689310689,1000,13,1.73263320609539,1.71884655936641,0.0934991935670199,482,0.147452038921612,0.481518481518482,1000,-1.62296249623637,"Switzerland",2021-01-01,466
9,1.11348511437773,1.13220403439632,0.222740454759936,475,-0.0840391568687497,0.474525474525474,1000,9,1.54467351124511,1.71086654644657,0.133326097621575,107,-1.2465154097075,0.106893106893107,1000,-1.0713082201158,"Turkey",2021-01-01,466
11,0.920891337175342,1.09764599736786,0.186855856910778,185,-0.945941235745795,0.184815184815185,1000,11,1.6059147427146,1.71586909267951,0.107850877274081,139,-1.01950352879816,0.138861138861139,1000,-2.11751406582897,"Ukraine",2021-01-01,466
12,0.679942517458869,1.05743054159358,0.182537025573453,15,-2.06800797234867,0.014985014985015,1000,12,0.932972631699916,1.71188364446008,0.110327702182558,1,-7.0599767542635,0.000999000999000999,1000,-0.552184625933579,"United Kingdom",2021-01-01,466
9,1.12782535462914,1.06643312591091,0.215482259333861,620,0.284906186281967,0.619380619380619,1000,9,1.61248188403694,1.65507277300136,0.236495682172877,344,-0.180091613399046,0.343656343656344,1000,-0.853740212451396,"Austria",2021-02-01,385
3,1.15538106313329,1.41739499542791,0.544318859387201,511,-0.481361113575221,0.510489510489511,1000,3,1.65329011795241,1.66428559616003,0.447959389932601,519,-0.0245457031479388,0.518481518481518,1000,0.331584438440788,"Belarus",2021-02-01,385
12,0.722973836938725,1.01394701809197,0.1812874735514,53,-1.60503743283036,0.0529470529470529,1000,12,1.73674132581648,1.6621015994723,0.204286235562235,620,0.365368357485044,0.619380619380619,1000,-1.04001563036855,"Belgium",2021-02-01,385
6,1.21415711446548,1.17695799624984,0.301918280952801,546,0.123209227669977,0.545454545454545,1000,6,1.92141633188659,1.66442669146855,0.29438219571876,814,0.872979562471776,0.813186813186813,1000,-1.66926264856137,"Bosnia and Herzegovina",2021-02-01,385
10,0.875657936719767,1.05931274660036,0.203362946842399,196,-0.903088850413446,0.195804195804196,1000,10,1.36696904785223,1.6682145799815,0.220611030706354,115,-1.36550530209095,0.114885114885115,1000,-0.709215125366959,"Bulgaria",2021-02-01,385
16,0.640509292117969,0.964359748337554,0.15126554224145,15,-2.14094004107463,0.014985014985015,1000,16,1.70734956274547,1.67837625214953,0.167999190264065,519,0.172461013356115,0.518481518481518,1000,-0.707255481865,"Croatia",2021-02-01,385
12,0.318216086670551,1.01777163055669,0.175984052237407,1,-3.97510760203669,0.000999000999000999,1000,12,0.569840019032027,1.66502026926145,0.189003163838348,1,-5.79450749917664,0.000999000999000999,1000,2.05694025206723,"Czech Republic",2021-02-01,385
15,0.367074720588486,0.97362750122886,0.154308750552365,1,-3.93077371483568,0.000999000999000999,1000,15,1.18977394084727,1.67085065614264,0.177578777922609,19,-2.70908900783754,0.018981018981019,1000,1.54455751388379,"Denmark",2021-02-01,385
14,1.13493822043144,0.983088654792939,0.164907685786989,811,0.920815575780033,0.81018981018981,1000,14,1.9201604766744,1.66736218387665,0.185889783081641,963,1.35993645593057,0.962037962037962,1000,-2.49109524574876,"Estonia",2021-02-01,385
5,0.21344550839035,1.23079110131628,0.361297110841255,1,-2.81581435997955,0.000999000999000999,1000,5,0.251110733418955,1.66347413679079,0.338652146338755,1,-4.17054319200754,0.000999000999000999,1000,-1.93744081753997,"Finland",2021-02-01,385
9,1.15550842231659,1.07553025622733,0.218011789063621,634,0.366852482761505,0.633366633366633,1000,9,1.84721766194727,1.67370311608633,0.217979404876659,784,0.796013485581905,0.783216783216783,1000,-1.19060617004334,"France",2021-02-01,385
14,0.675034412024778,0.995878390516676,0.160853454306113,18,-1.99463530252396,0.017982017982018,1000,14,1.71341554855434,1.66003111625478,0.182457617252367,583,0.292585385600662,0.582417582417582,1000,-1.22172284295249,"Germany",2021-02-01,385
6,0.614279865457396,1.18057045072616,0.306534389601707,20,-1.84739658739291,0.01998001998002,1000,6,1.64010469531965,1.6524382173284,0.302658079780497,365,-0.0407506781834448,0.364635364635365,1000,0.451125552077483,"Greece",2021-02-01,385
14,0.5320740349772,0.989127206035362,0.162897393713738,4,-2.80577338064321,0.003996003996004,1000,14,1.45497814395632,1.66935235009698,0.172494266093488,122,-1.24279033150278,0.121878121878122,1000,0.718096248487697,"Hungary",2021-02-01,385
6,0.743972274440466,1.19202874761143,0.317066942512071,87,-1.41312894249109,0.0869130869130869,1000,6,1.08438713341517,1.65885048229248,0.293798571764443,61,-1.95529660143444,0.0609390609390609,1000,-0.000622784789019303,"Ireland",2021-02-01,385
5,1.45671059482647,1.21697215801481,0.35541858944179,783,0.674524191849931,0.782217782217782,1000,5,1.85711624060377,1.67149198840199,0.326975370708097,632,0.567701022250677,0.631368631368631,1000,-1.57209431695178,"Italy",2021-02-01,385
9,0.810766245509841,1.06394027579721,0.216602433523641,140,-1.168842040086,0.13986013986014,1000,9,1.37723217039386,1.66129830597928,0.237554887251818,102,-1.19579158682728,0.101898101898102,1000,-0.331380299271712,"Latvia",2021-02-01,385
4,1.58612084526249,1.28728571026584,0.442453967368379,754,0.675403899696174,0.753246753246753,1000,4,1.9159599737997,1.65587279012764,0.402371684771811,733,0.646385403136797,0.732267732267732,1000,-1.44298037768828,"Liechtenstein",2021-02-01,385
8,0.714166242787798,1.12004319580267,0.247627881845326,48,-1.63905998787486,0.047952047952048,1000,8,1.05979006228616,1.6666132097946,0.249838211886603,27,-2.42886443561271,0.026973026973027,1000,0.0349343884196893,"Lithuania",2021-02-01,385
9,0.391710926555915,1.07479259494327,0.215449852862283,1,-3.17049029884457,0.000999000999000999,1000,9,0.816434496350742,1.65448667502558,0.251938653315648,2,-3.32641366318993,0.001998001998002,1000,2.00034551356365,"Luxembourg",2021-02-01,385
5,1.20705876733882,1.23354590300588,0.363260470550385,564,-0.0729149957520111,0.563436563436563,1000,5,1.87570480250579,1.64807860999142,0.3408650817568,693,0.667789705361405,0.692307692307692,1000,-0.931284354762603,"Monaco",2021-02-01,385
18,0.784345594869731,0.932189395381845,0.142437962690714,138,-1.03795222649413,0.137862137862138,1000,18,1.53122732961977,1.66149526195453,0.161955669921761,214,-0.804343141538001,0.213786213786214,1000,-0.923530646853105,"Netherlands",2021-02-01,385
12,0.594473178132622,1.01695762506277,0.181490610090068,7,-2.32785843146639,0.00699300699300699,1000,12,1.35450478083774,1.66393039186005,0.198223413429616,73,-1.56099426232604,0.0729270729270729,1000,0.99187638817706,"North Macedonia",2021-02-01,385
11,1.02772667821031,1.04356612791726,0.189064825042581,485,-0.0837778772618419,0.484515484515485,1000,11,1.75684286652947,1.66315959963428,0.21450314382364,611,0.436745425848916,0.61038961038961,1000,-1.37829245478025,"Norway",2021-02-01,385
11,1.13570060149627,1.04176593236839,0.184233088250124,694,0.509868612745307,0.693306693306693,1000,11,1.78488374285371,1.67664957696118,0.19743189322744,690,0.548210140333504,0.689310689310689,1000,-1.747246781303,"Poland",2021-02-01,385
16,0.969336377953482,0.963484137036796,0.150219167802016,520,0.0389580171579654,0.519480519480519,1000,16,1.6395302253955,1.65993298363534,0.174152480273024,388,-0.117154565974913,0.387612387612388,1000,-1.18115265556722,"Portugal",2021-02-01,385
12,0.936523026441023,1.01696837417117,0.177125685601759,333,-0.454170988565832,0.332667332667333,1000,12,1.75618055297469,1.67446831937901,0.189894764122487,611,0.43030272042138,0.61038961038961,1000,-1.43722436425672,"Romania",2021-02-01,385
19,0.642228897680381,0.932782400765655,0.135280837666889,12,-2.14778018894829,0.011988011988012,1000,19,1.56023288029356,1.65850750005817,0.154882892108788,233,-0.634509198702097,0.232767232767233,1000,-1.65270676692249,"Russia",2021-02-01,385
10,0.723587647966315,1.06017750822474,0.201168386809566,40,-1.67317472489877,0.03996003996004,1000,10,1.25410271758312,1.65579883661264,0.219761182479751,51,-1.82787567165798,0.050949050949051,1000,1.91241317055203,"Serbia",2021-02-01,385
14,0.514991462469896,0.985680389386138,0.156962029349033,2,-2.99874389282762,0.001998001998002,1000,14,1.033746792696,1.66854316639143,0.180929943694771,5,-3.50852026332545,0.004995004995005,1000,-0.289236354925777,"Slovakia",2021-02-01,385
14,0.483644374540404,0.995507569496673,0.164743050239535,1,-3.10703968520689,0.000999000999000999,1000,14,0.82166109180412,1.66454137517428,0.187131370571591,1,-4.50421690813029,0.000999000999000999,1000,-0.203353238337622,"Slovenia",2021-02-01,385
5,1.4314486531593,1.21651111669705,0.349753757506965,746,0.614539606362834,0.745254745254745,1000,5,1.89244351482516,1.6659552202095,0.32614606428606,690,0.694438226968796,0.689310689310689,1000,-1.56606791860535,"Spain",2021-02-01,385
10,0.729023641319577,1.07136506143955,0.207317428493723,60,-1.65129107864821,0.0599400599400599,1000,10,1.62403267272226,1.66478127316618,0.220432874961261,375,-0.184857183625984,0.374625374625375,1000,-0.505493190879978,"Sweden",2021-02-01,385
13,0.789363019970044,0.999418046876237,0.169566254003344,113,-1.23877848302323,0.112887112887113,1000,13,1.35280821419054,1.66052681258072,0.18816699585446,67,-1.63534841481013,0.0669330669330669,1000,-0.958191598638067,"Switzerland",2021-02-01,385
6,1.64790953370421,1.1756969104891,0.305211489790036,938,1.54716529033675,0.937062937062937,1000,6,2.00801440024913,1.66534081879206,0.296989562423626,954,1.153823651783,0.953046953046953,1000,-2.52674008753636,"Turkey",2021-02-01,385
13,0.315859933415053,1.00361528598787,0.168153416945973,1,-4.09004684569559,0.000999000999000999,1000,13,0.508701962172941,1.6624616207143,0.189782529695294,1,-6.07937759283629,0.000999000999000999,1000,-2.50590704335781,"Ukraine",2021-02-01,385
10,0.534159363416256,1.06159324917621,0.211198639861577,3,-2.49733561781289,0.002997002997003,1000,10,0.612570650833621,1.66931854702857,0.222411993752615,1,-4.75130804937772,0.000999000999000999,1000,-4.206692424635,"United Kingdom",2021-02-01,385
17,0.458872378426095,0.863777964257925,0.11452433654977,1,-3.53554185975018,0.000999000999000999,1000,17,0.822394409486806,1.24616806487084,0.202415726018225,1,-2.09358069019737,0.000999000999000999,1000,-2.73962878078214,"Austria",2021-04-01,259
15,0.643179271833757,0.87181881434496,0.128687670171936,26,-1.77670123490249,0.025974025974026,1000,15,0.887419574333823,1.24498357153126,0.219032394536749,80,-1.63247084046029,0.0799200799200799,1000,-4.43670511743611,"Belgium",2021-04-01,259
10,0.713585759877651,0.917507309760685,0.161304857226687,97,-1.26419968616603,0.0969030969030969,1000,10,0.977298714616578,1.25216877938537,0.273997554415962,225,-1.00318437277546,0.224775224775225,1000,-0.369397252116937,"Czech Republic",2021-04-01,259
12,0.347443422140335,0.896114872083766,0.141866237242515,1,-3.8675266265468,0.000999000999000999,1000,12,0.908512595218588,1.24939463726465,0.251867978186672,173,-1.35341556517128,0.172827172827173,1000,2.09874496481613,"Estonia",2021-04-01,259
11,1.02492586218403,0.90666090153823,0.145624885828289,771,0.81212053814242,0.77022977022977,1000,11,1.43569386361375,1.23010890938331,0.257531955827225,835,0.798289103851511,0.834165834165834,1000,-1.04828558252979,"France",2021-04-01,259
15,0.763145270208058,0.877323524545052,0.127591335567271,192,-0.894874670206699,0.191808191808192,1000,15,1.00907242930143,1.24341942841201,0.21683223010104,120,-1.08077567159356,0.11988011988012,1000,-3.17031306030934,"Germany",2021-04-01,259
5,1.31861746066361,0.989019004558865,0.23263910256774,914,1.41678012194348,0.913086913086913,1000,5,1.87345357807981,1.24414858914459,0.389893908555856,901,1.61404160240956,0.9000999000999,1000,-0.49033234206487,"Greece",2021-04-01,259
13,0.682771799603398,0.892758768222431,0.138399107225472,45,-1.51725667042731,0.044955044955045,1000,13,0.840887564905322,1.24919296881121,0.237509689331017,6,-1.71911051315818,0.00599400599400599,1000,-4.31558602069397,"Ireland",2021-04-01,259
11,0.909865642010139,0.91576200546247,0.151840810252524,504,-0.0388325341686803,0.503496503496504,1000,11,1.31121943886753,1.24482930559545,0.260983142336826,563,0.254384757105877,0.562437562437562,1000,-0.843539216802927,"Italy",2021-04-01,259
5,0.629315766891477,0.981322523692644,0.233059769524523,20,-1.51037117010505,0.01998001998002,1000,5,1.2408665800323,1.23275201906585,0.384712423510219,495,0.0210925368419508,0.494505494505495,1000,1.6310999745597,"Lithuania",2021-04-01,259
12,0.498609229552793,0.898880890899221,0.142783407485826,1,-2.80334857105972,0.000999000999000999,1000,12,0.830797497425024,1.24762491148555,0.243396396510887,3,-1.71254554313782,0.002997002997003,1000,-2.58255876812309,"Netherlands",2021-04-01,259
12,0.302668997475109,0.900959016997891,0.143021705446698,1,-4.18321133602868,0.000999000999000999,1000,12,0.683438571238691,1.23870233810668,0.248549211047019,1,-2.23401943031294,0.000999000999000999,1000,-0.95895098241204,"Norway",2021-04-01,259
8,0.734475507958763,0.94943364953715,0.18622551112029,114,-1.15428944340251,0.113886113886114,1000,8,0.851847678448524,1.23602729650031,0.307027393577851,49,-1.25128775505945,0.048951048951049,1000,-3.31619782706699,"Poland",2021-04-01,259
10,0.567799644039133,0.924823392623074,0.16502490802757,2,-2.16345370436016,0.001998001998002,1000,10,0.84690367749046,1.24187664890261,0.261525561139663,24,-1.51026526696266,0.023976023976024,1000,-2.85933336420909,"Portugal",2021-04-01,259
9,1.00394296757407,0.940632702440799,0.170506184785321,683,0.371307734162181,0.682317682317682,1000,9,1.51321416170016,1.25104672833237,0.284487423356364,826,0.921543139850447,0.825174825174825,1000,-2.06017061786293,"Romania",2021-04-01,259
4,0.396848721586025,1.01267341169852,0.271446040173483,1,-2.26868179664335,0.000999000999000999,1000,4,1.27811582955917,1.23850730617736,0.439050656551819,569,0.0902140169721797,0.568431568431568,1000,0.670029157939412,"Russia",2021-04-01,259
13,0.624844543100695,0.880425942671996,0.134968059297669,12,-1.89364358427665,0.011988011988012,1000,13,1.03281066820248,1.24390541113861,0.237834622474554,160,-0.887569441067029,0.15984015984016,1000,-0.70288725533507,"Slovakia",2021-04-01,259
12,0.719926438238019,0.903956601287513,0.14507586551123,100,-1.26850984070296,0.0999000999000999,1000,12,1.06971059851458,1.24579617212655,0.247709299132023,186,-0.710855725759891,0.185814185814186,1000,-0.868821616503811,"Slovenia",2021-04-01,259
15,1.02492469703301,0.876028069634722,0.130080128766552,875,1.14465313657169,0.874125874125874,1000,15,1.35955640834361,1.24745152241831,0.213064860441819,655,0.526153799799906,0.654345654345654,1000,-2.18875653821836,"Spain",2021-04-01,259
9,0.600859463680561,0.937378996775224,0.175158962325974,9,-1.92122360526659,0.00899100899100899,1000,9,0.862804333439385,1.2457261516883,0.280735740856711,65,-1.36399382950091,0.0649350649350649,1000,-2.88622112024975,"Sweden",2021-04-01,259
16,0.739102813574647,0.868691696294313,0.120329806564312,145,-1.07694748641024,0.144855144855145,1000,16,1.05555535920134,1.24379629482889,0.211786937223491,168,-0.888822219610793,0.167832167832168,1000,-2.15423941331904,"Switzerland",2021-04-01,259
9,0.408687544636627,0.946613380312892,0.170678842128943,1,-3.15168435036533,0.000999000999000999,1000,9,1.04403859111495,1.25401882837098,0.282902514564592,254,-0.742235315862078,0.253746253746254,1000,1.8085748773422,"Turkey",2021-04-01,259
16,0.757947219663833,0.86292005382409,0.124437839042691,209,-0.843576479371708,0.208791208791209,1000,16,1.06294092065079,1.23536788588384,0.213437520318043,252,-0.80785686123094,0.251748251748252,1000,-2.56515343709478,"United Kingdom",2021-04-01,259
3,0.749642170001759,0.64872251589769,0.0863857963754896,895,1.16824360413841,0.894105894105894,1000,3,0.772410840311447,0.688533264845913,0.0726768809931797,923,1.15411633409811,0.922077922077922,1000,-1.73205080756888,"Austria",2020-06-01,67
3,0.614304579610462,0.642739947398867,0.0973788958634273,302.5,-0.292007498506515,0.302197802197802,1000,3,0.620475131886603,0.685458922310315,0.0764821957085266,197,-0.849659058839862,0.196803196803197,1000,-1.60502187738563,"Belgium",2020-06-01,67
3,0.254434457395973,0.647269658577231,0.0926774089631204,3,-4.23873741806464,0.002997002997003,1000,3,0.505225927542294,0.686013166302769,0.0750733411565404,19,-2.40814163823486,0.018981018981019,1000,2.1390032353403,"Czech Republic",2020-06-01,67
2,0.507199720974313,0.685056372475929,0.11631020781476,47.5,-1.52915771404069,0.0474525474525475,1000,2,0.507199720974313,0.687258064287939,0.106024359581014,36,-1.69827334043967,0.035964035964036,1000,NA,"Denmark",2020-06-01,67
3,0.315944898133694,0.647534477118794,0.0974205613454536,20,-3.40369193531213,0.01998001998002,1000,3,0.532793534067726,0.686827168628129,0.0741213664732002,35,-2.07812729162375,0.034965034965035,1000,1.14475236940586,"France",2020-06-01,67
2,0.766035612624819,0.68205710122077,0.120727324206054,767,0.695604843032196,0.766233766233766,1000,2,0.766035612624819,0.682767559973853,0.114897656138151,752,0.724714980702877,0.751248751248751,1000,NA,"Germany",2020-06-01,67
3,0.644845160742686,0.646455173957448,0.0924851636090608,430.5,-0.0174083404508857,0.43006993006993,1000,3,0.691779184497894,0.688896495493081,0.0732720907566156,398.5,0.0393422512589258,0.398101898101898,1000,-1.29283715360929,"Ireland",2020-06-01,67
1,NA,NA,NA,NA,NA,NA,1000,1,NA,NA,NA,NA,NA,NA,1000,NA,"Lithuania",2020-06-01,67
6,0.228001322615266,0.592430831835822,0.0732029791772805,1,-4.9783425936531,0.000999000999000999,1000,6,0.514649544020828,0.687371646561157,0.0449758793022414,4,-3.84032742038511,0.003996003996004,1000,0.301241041555314,"Luxembourg",2020-06-01,67
3,0.604488747113464,0.646829879798309,0.0959230620752975,238,-0.44140722542414,0.237762237762238,1000,3,0.621236371922957,0.687375374567026,0.073850450873501,193.5,-0.895580214633483,0.193306693306693,1000,-1.54472733122076,"Moldova",2020-06-01,67
2,0.730516486941724,0.690685500138031,0.102464553128608,529,0.388729424835331,0.528471528471528,1000,2,0.730516486941724,0.697869128073012,0.0985175473001331,507,0.33138623284289,0.506493506493506,1000,NA,"Netherlands",2020-06-01,67
3,0.597165998776442,0.644179532020587,0.0920245843091626,232,-0.510880147920038,0.231768231768232,1000,3,0.687976033387258,0.686281452009554,0.0744387267341445,402,0.0227647818823659,0.401598401598402,1000,-0.94512089937891,"North Macedonia",2020-06-01,67
1,NA,NA,NA,NA,NA,NA,1000,1,NA,NA,NA,NA,NA,NA,1000,NA,"Norway",2020-06-01,67
3,0.625146279064969,0.640556952688473,0.100679897829999,349,-0.15306604352664,0.348651348651349,1000,3,0.669634661691816,0.690367934149939,0.0730583570667202,315,-0.283790565385809,0.314685314685315,1000,-1.26797613946843,"Poland",2020-06-01,67
1,NA,NA,NA,NA,NA,NA,1000,1,NA,NA,NA,NA,NA,NA,1000,NA,"Portugal",2020-06-01,67
3,0.506350024180544,0.64822073661943,0.0886069465005843,54,-1.60112404322556,0.0539460539460539,1000,3,0.616611761936383,0.688303322747972,0.0737455177327576,197,-0.972148043917565,0.196803196803197,1000,-0.524327384011658,"Romania",2020-06-01,67
3,0.479670450064759,0.650400729544297,0.0927387264902687,43,-1.84098149652133,0.042957042957043,1000,3,0.537880046713781,0.689380798986537,0.0764617317011607,34,-1.98139316102433,0.033966033966034,1000,-0.988104467534875,"Russia",2020-06-01,67
4,0.280972312769563,0.622514774290262,0.0846048955089218,3,-4.036911333159,0.002997002997003,1000,4,0.461798325782524,0.690447589886994,0.0583820087543029,4,-3.91643365795662,0.003996003996004,1000,0.705142625531465,"Serbia",2020-06-01,67
2,0.839806104428135,0.685784589355403,0.11289722043848,1000,1.36426312777701,0.999000999000999,1000,2,0.839806104428135,0.69114099174999,0.105192778562794,999.5,1.41326348357078,0.998501498501498,1000,NA,"Slovakia",2020-06-01,67
1,NA,NA,NA,NA,NA,NA,1000,1,NA,NA,NA,NA,NA,NA,1000,NA,"Slovenia",2020-06-01,67
5,0.409774110810986,0.602948557255849,0.079512067987893,35,-2.42949845643906,0.034965034965035,1000,5,0.681068597827061,0.689975985562243,0.0523738000146301,384,-0.170073352185512,0.383616383616384,1000,-0.964362053526117,"Spain",2020-06-01,67
2,0.774232333936425,0.692307605310607,0.102917454663659,811,0.796023656954533,0.81018981018981,1000,2,0.774232333936425,0.694233354918057,0.0974642299875906,829,0.820803478656258,0.828171828171828,1000,NA,"Sweden",2020-06-01,67
3,0.343926049086349,0.647623688303092,0.0946081475424834,29,-3.21005798237799,0.028971028971029,1000,3,0.501883984657979,0.68738753578216,0.0740960614919711,19,-2.50355480964776,0.018981018981019,1000,0.333365353742687,"Switzerland",2020-06-01,67
2,0.603375617861957,0.690716695608115,0.104958116213362,182.5,-0.832151727729264,0.182317682317682,1000,2,0.603375617861957,0.689449926619319,0.106666627512122,174,-0.806946940809396,0.173826173826174,1000,NA,"Turkey",2020-06-01,67
1,NA,NA,NA,NA,NA,NA,1000,1,NA,NA,NA,NA,NA,NA,1000,NA,"Ukraine",2020-06-01,67
2,0.716855284756093,0.692280314253221,0.0985796199347974,485.5,0.249290578713189,0.485014985014985,1000,2,0.716855284756093,0.692657403608958,0.107347417555819,458.5,0.225416518609336,0.458041958041958,1000,NA,"United Kingdom",2020-06-01,67
3,0.251618203032801,0.500595351165071,0.0822399720933568,17,-3.02744689467596,0.016983016983017,1000,3,0.416841479777759,0.541108425046649,0.0592441304715695,59,-2.0975401998435,0.0589410589410589,1000,0.993485618418351,"Austria",2020-05-01,66
2,0.555653098963376,0.544026592095446,0.0855507953497418,359,0.135901797527411,0.358641358641359,1000,2,0.555653098963376,0.540016906656501,0.0922645189911935,384,0.169471346925538,0.383616383616384,1000,NA,"Belgium",2020-05-01,66
2,0.423047749009356,0.543249479195485,0.0917890329172234,115,-1.30954348646998,0.114885114885115,1000,2,0.423047749009356,0.537407542684091,0.0970701376663511,133.5,-1.17811508692624,0.133366633366633,1000,NA,"Bulgaria",2020-05-01,66
2,0.36871958985671,0.536298054408247,0.0913985943554793,39.5,-1.83349061036726,0.0394605394605395,1000,2,0.36871958985671,0.539175037926106,0.0905191752917061,37,-1.88308662247627,0.036963036963037,1000,NA,"Cyprus",2020-05-01,66
4,0.602101186395316,0.476258196977367,0.0689351241282452,993,1.82552785694321,0.992007992007992,1000,4,0.625325230111116,0.542047613019259,0.0446016981899029,993,1.86714005232001,0.992007992007992,1000,-2.44948974278318,"Czech Republic",2020-05-01,66
4,0.256754476518552,0.476818945798859,0.0721668088505696,14,-3.04938617607408,0.013986013986014,1000,4,0.312442826415311,0.541671517150437,0.0446046443186378,1,-5.13912159230791,0.000999000999000999,1000,-1.55923160412729,"Finland",2020-05-01,66
2,0.613030148143935,0.545455706052409,0.0867417463914799,856,0.779030223654373,0.855144855144855,1000,2,0.613030148143935,0.542819052098251,0.0871582025339329,868.5,0.805559247488479,0.867632367632368,1000,NA,"France",2020-05-01,66
1,NA,NA,NA,NA,NA,NA,1000,1,NA,NA,NA,NA,NA,NA,1000,NA,"Germany",2020-05-01,66
2,0.29958685945553,0.539308756778844,0.0896775127021803,18,-2.67315506529972,0.017982017982018,1000,2,0.29958685945553,0.544454037775501,0.0838345514101437,11,-2.92083841567908,0.010989010989011,1000,NA,"Greece",2020-05-01,66
4,0.471838671479361,0.474713947576298,0.0743044253997013,406,-0.0386958930301979,0.405594405594406,1000,4,0.544791459201103,0.541625178764368,0.0439913584410844,471.5,0.07197505485026,0.471028971028971,1000,-1.82378731389978,"Hungary",2020-05-01,66
2,0.0381531764037391,0.539541794204583,0.0886566429693388,2,-5.65539818572021,0.001998001998002,1000,2,0.0381531764037391,0.540282516835247,0.0921920225717039,4,-5.44655954414026,0.003996003996004,1000,NA,"Ireland",2020-05-01,66
1,NA,NA,NA,NA,NA,NA,1000,1,NA,NA,NA,NA,NA,NA,1000,NA,"Italy",2020-05-01,66
1,NA,NA,NA,NA,NA,NA,1000,1,NA,NA,NA,NA,NA,NA,1000,NA,"Latvia",2020-05-01,66
4,0.091600482105207,0.480569316970325,0.0696359091486862,1,-5.58575079467396,0.000999000999000999,1000,4,0.115757881211152,0.541188435706114,0.0449291349449315,1,-9.46892378445303,0.000999000999000999,1000,-0.485497157092156,"Lithuania",2020-05-01,66
3,0.200700395465143,0.50313589680685,0.0774143056254566,6.5,-3.90671335095274,0.00649350649350649,1000,3,0.381364361057725,0.538103655354184,0.0611691670919699,21,-2.56239052692669,0.020979020979021,1000,1.89411906695463,"Luxembourg",2020-05-01,66
3,0.41063993440351,0.50490945680326,0.0793733783822022,86,-1.18767179022945,0.0859140859140859,1000,3,0.496352345463189,0.54272560522656,0.0581838402266546,153,-0.79701270288664,0.152847152847153,1000,-0.383863414512193,"Netherlands",2020-05-01,66
1,NA,NA,NA,NA,NA,NA,1000,1,NA,NA,NA,NA,NA,NA,1000,NA,"North Macedonia",2020-05-01,66
1,NA,NA,NA,NA,NA,NA,1000,1,NA,NA,NA,NA,NA,NA,1000,NA,"Norway",2020-05-01,66
4,0.294219992104786,0.476762744598407,0.0704849805320983,23,-2.58981063931049,0.022977022977023,1000,4,0.48854515988315,0.542853509624521,0.0413716120242561,93,-1.31269600298702,0.0929070929070929,1000,-0.0885214953914211,"Romania",2020-05-01,66
1,NA,NA,NA,NA,NA,NA,1000,1,NA,NA,NA,NA,NA,NA,1000,NA,"Russia",2020-05-01,66
1,NA,NA,NA,NA,NA,NA,1000,1,NA,NA,NA,NA,NA,NA,1000,NA,"Serbia",2020-05-01,66
1,NA,NA,NA,NA,NA,NA,1000,1,NA,NA,NA,NA,NA,NA,1000,NA,"Slovakia",2020-05-01,66
2,0.547456377652225,0.546057483651214,0.0822575260729523,303,0.0170062736845518,0.302697302697303,1000,2,0.547456377652225,0.538705697346865,0.0907549477230821,346,0.0964209723536004,0.345654345654346,1000,NA,"Slovenia",2020-05-01,66
2,0.593904465083824,0.536942280484045,0.0947731307270037,718.5,0.601037278844992,0.717782217782218,1000,2,0.593904465083824,0.544220465197968,0.0828990124319943,720.5,0.599331625652524,0.71978021978022,1000,NA,"Spain",2020-05-01,66
3,0.462951772546376,0.499999613541909,0.0826136511925016,304,-0.448446963192637,0.303696303696304,1000,3,0.52524050497171,0.541649154157659,0.0608435530985995,310,-0.26968591330223,0.30969030969031,1000,-0.773942026311236,"Sweden",2020-05-01,66
1,NA,NA,NA,NA,NA,NA,1000,1,NA,NA,NA,NA,NA,NA,1000,NA,"Switzerland",2020-05-01,66
3,0.0526080755867042,0.500089383992157,0.0793802839546649,1,-5.63718452633673,0.000999000999000999,1000,3,0.0526080755867042,0.542040202505517,0.0578241019206706,1,-8.46415440382056,0.000999000999000999,1000,-1.73205080756888,"Ukraine",2020-05-01,66
6,0.437660488584849,0.444868416465665,0.0600202443932494,385,-0.120091611650068,0.384615384615385,1000,6,0.482303350597628,0.541170755449584,0.0323870081017915,52,-1.81762405057414,0.051948051948052,1000,-2.63823306140432,"United Kingdom",2020-05-01,66
2,0.794632448462835,0.86758578931745,0.119598784349095,217,-0.609983966406149,0.216783216783217,1000,2,0.794632448462835,0.869159241774991,0.120741482889325,211.5,-0.617242653715536,0.211288711288711,1000,NA,"Austria",2020-07-01,68
2,0.932702279291561,0.866251284561257,0.12659469653346,655,0.524911363192386,0.654345654345654,1000,2,0.932702279291561,0.870780497927343,0.124512598694058,636.5,0.497313380442462,0.635864135864136,1000,NA,"Belarus",2020-07-01,68
2,0.805561410211567,0.863844443840053,0.120077640129013,272,-0.485377906876467,0.271728271728272,1000,2,0.805561410211567,0.865671566501721,0.131257256963796,245,-0.45795682220248,0.244755244755245,1000,NA,"Belgium",2020-07-01,68
2,0.951827962351445,0.86511725884911,0.121424647658809,787,0.714111221849969,0.786213786213786,1000,2,0.951827962351445,0.868899606575139,0.131540328323783,743.5,0.630440541186577,0.742757242757243,1000,NA,"Cyprus",2020-07-01,68
1,NA,NA,NA,NA,NA,NA,1000,1,NA,NA,NA,NA,NA,NA,1000,NA,"Czech Republic",2020-07-01,68
1,NA,NA,NA,NA,NA,NA,1000,1,NA,NA,NA,NA,NA,NA,1000,NA,"Denmark",2020-07-01,68
5,0.865660945335412,0.768215888926895,0.100264550053302,899,0.971879456465067,0.898101898101898,1000,5,0.935099411598594,0.868159111945598,0.0528314389970933,929,1.26705425639984,0.928071928071928,1000,-2.49017500878927,"France",2020-07-01,68
5,0.750893562895681,0.771048150362619,0.0990210570040604,305,-0.203538399576083,0.304695304695305,1000,5,0.822122398723377,0.869199124385302,0.0524928447493694,185,-0.896821764693766,0.184815184815185,1000,-2.46360551959196,"Germany",2020-07-01,68
1,NA,NA,NA,NA,NA,NA,1000,1,NA,NA,NA,NA,NA,NA,1000,NA,"Hungary",2020-07-01,68
1,NA,NA,NA,NA,NA,NA,1000,1,NA,NA,NA,NA,NA,NA,1000,NA,"Iceland",2020-07-01,68
2,0.927237798417082,0.869988836573888,0.117333227172706,600,0.487917729893573,0.599400599400599,1000,2,0.927237798417082,0.862498910676244,0.134170209451785,608.5,0.482513130190065,0.607892107892108,1000,NA,"Ireland",2020-07-01,68
2,0.306277255187979,0.866368262146397,0.116397691131794,12,-4.81187385688124,0.011988011988012,1000,2,0.306277255187979,0.871454606115493,0.114209330460426,9.5,-4.94860926553937,0.00949050949050949,1000,NA,"Kosovo",2020-07-01,68
2,0.318899613196891,0.859485957408067,0.134083177211934,18,-4.03172385568337,0.017982017982018,1000,2,0.318899613196891,0.866702217096318,0.115393257984134,12.5,-4.74726698482459,0.0124875124875125,1000,NA,"Latvia",2020-07-01,68
2,0.644568574014329,0.872699899890258,0.106876393423887,22,-2.13453428364791,0.021978021978022,1000,2,0.644568574014329,0.87023095194046,0.119360188656831,31.5,-1.8906000439973,0.0314685314685315,1000,NA,"Lithuania",2020-07-01,68
3,0.0747043966872904,0.820102658223121,0.113605108590467,1,-6.56130935293502,0.000999000999000999,1000,3,0.125729376252517,0.868503158634653,0.0810375034053308,1,-9.16580288347425,0.000999000999000999,1000,0.0646734538852765,"Luxembourg",2020-07-01,68
1,NA,NA,NA,NA,NA,NA,1000,1,NA,NA,NA,NA,NA,NA,1000,NA,"Montenegro",2020-07-01,68
4,0.256318280292248,0.797095261452551,0.106708115191697,2,-5.06781494724011,0.001998001998002,1000,4,0.446720793222198,0.869210719262001,0.0628874467572213,1,-6.71819175090439,0.000999000999000999,1000,1.42821332554132,"Netherlands",2020-07-01,68
1,NA,NA,NA,NA,NA,NA,1000,1,NA,NA,NA,NA,NA,NA,1000,NA,"North Macedonia",2020-07-01,68
3,0.929970038854208,0.820857262209114,0.112554757728915,898.5,0.969419497200542,0.897602397602398,1000,3,0.956381696413397,0.866373298152964,0.0824886762728984,933,1.09116065776904,0.932067932067932,1000,-1.73205080756888,"Norway",2020-07-01,68
1,NA,NA,NA,NA,NA,NA,1000,1,NA,NA,NA,NA,NA,NA,1000,NA,"Portugal",2020-07-01,68
2,0.41278535019228,0.868470042279408,0.119288878254839,15,-3.82000986809213,0.014985014985015,1000,2,0.41278535019228,0.864560186338068,0.129930094198379,24,-3.47706079128992,0.023976023976024,1000,NA,"Romania",2020-07-01,68
2,0.653741192968482,0.868479968515718,0.115915574689693,31.5,-1.85254463105665,0.0314685314685315,1000,2,0.653741192968482,0.865495768153132,0.127745584292548,36,-1.65762735641582,0.035964035964036,1000,NA,"Russia",2020-07-01,68
2,0.293436237376227,0.864212182012554,0.124343349367668,12,-4.59032145698934,0.011988011988012,1000,2,0.293436237376227,0.870235746437057,0.113483171280748,7.5,-5.08268761395359,0.00749250749250749,1000,NA,"Serbia",2020-07-01,68
1,NA,NA,NA,NA,NA,NA,1000,1,NA,NA,NA,NA,NA,NA,1000,NA,"Slovakia",2020-07-01,68
2,0.929970038854208,0.868882954349846,0.122721475485835,627,0.497770127539031,0.626373626373626,1000,2,0.929970038854208,0.862095354055943,0.136148318179098,624,0.498534875098334,0.623376623376623,1000,NA,"Slovenia",2020-07-01,68
2,0.973685885848909,0.867481421750369,0.127564350806066,854.5,0.83255598784021,0.853646353646354,1000,2,0.973685885848909,0.871352163359118,0.115635237419569,851.5,0.884970055611031,0.850649350649351,1000,NA,"Spain",2020-07-01,68
3,0.605065701296022,0.823990613524307,0.108843096382488,53,-2.0113807811839,0.0529470529470529,1000,3,0.744749199765465,0.862883547029418,0.0849932288665169,82,-1.38992657226242,0.0819180819180819,1000,-0.573960646309936,"Sweden",2020-07-01,68
3,0.667199780095643,0.820379748544448,0.112734252561057,78,-1.35877042663535,0.0779220779220779,1000,3,0.724540886592573,0.870767707344689,0.078232397018515,55,-1.86913384128456,0.0549450549450549,1000,-1.14923840678555,"Switzerland",2020-07-01,68
4,0.47795318855276,0.788058997602384,0.110707254214265,19,-2.80113359554052,0.018981018981019,1000,4,0.757309454295485,0.863940008634373,0.067028465977087,70,-1.59082492467213,0.0699300699300699,1000,0.123832666909272,"Turkey",2020-07-01,68
3,0.339533912299051,0.819070398257295,0.1135920473178,6,-4.22156741850623,0.00599400599400599,1000,3,0.552890704915323,0.867785544989721,0.0806718039456659,3,-3.90340645272401,0.002997002997003,1000,1.57135941731828,"Ukraine",2020-07-01,68
1,NA,NA,NA,NA,NA,NA,1000,1,NA,NA,NA,NA,NA,NA,1000,NA,"United Kingdom",2020-07-01,68
5,0.450685701642169,0.912674063551325,0.109084750012798,2,-4.23513242552193,0.001998001998002,1000,5,0.759052886117934,1.00838631650435,0.0575723345402355,3,-4.33078547843441,0.002997002997003,1000,0.220016164393182,"Belgium",2020-08-01,63
1,NA,NA,NA,NA,NA,NA,1000,1,NA,NA,NA,NA,NA,NA,1000,NA,"Bosnia and Herzegovina",2020-08-01,63
1,NA,NA,NA,NA,NA,NA,1000,1,NA,NA,NA,NA,NA,NA,1000,NA,"Croatia",2020-08-01,63
3,0.398520026512112,0.956977593065079,0.131783670776829,12,-4.23768410199088,0.011988011988012,1000,3,0.740292391517414,1.01350980613416,0.0837716097727162,14,-3.26145594382181,0.013986013986014,1000,1.44233210444465,"Cyprus",2020-08-01,63
5,0.329147406545644,0.898296791087484,0.126917772360927,1,-4.48439469078689,0.000999000999000999,1000,5,0.577146770601712,1.00625500831777,0.0584660306956136,1,-7.33944536016277,0.000999000999000999,1000,1.15500377520782,"Czech Republic",2020-08-01,63
2,0.0136612021856308,1.0094920983148,0.125685492899457,1,-7.92319680781132,0.000999000999000999,1000,2,0.0136612021856308,1.00825682068309,0.133034824997179,1.5,-7.47620496000619,0.0014985014985015,1000,NA,"Finland",2020-08-01,63
2,1.0556530989636,1.00907133254403,0.13610274845039,563,0.342254414035997,0.562437562437562,1000,2,1.0556530989636,1.01041032936126,0.137642484741533,550.5,0.328697710501973,0.54995004995005,1000,NA,"France",2020-08-01,63
2,0.923047749009129,1.01238602133155,0.134417199322369,166,-0.664634234106928,0.165834165834166,1000,2,0.923047749009129,1.00780494217699,0.134366322089154,189.5,-0.630791941388596,0.189310689310689,1000,NA,"Germany",2020-08-01,63
5,0.678776191412908,0.910000703843419,0.119310012077855,84,-1.93801432422643,0.0839160839160839,1000,5,0.995421232350691,1.00587218580726,0.0580556722509971,391,-0.1800160613313,0.390609390609391,1000,-0.908671329394002,"Hungary",2020-08-01,63
3,0.306979949863792,0.96023742328616,0.118939607883354,1,-5.49234594806322,0.000999000999000999,1000,3,0.577530027232115,1.00768461019082,0.0894989813897891,2,-4.80625115815876,0.001998001998002,1000,1.0092419165564,"Iceland",2020-08-01,63
2,0.159388960709521,1.00591729774229,0.14402878006116,10,-5.87749432212994,0.00999000999000999,1000,2,0.159388960709521,1.00277105819963,0.152382031045931,10,-5.53465583639513,0.00999000999000999,1000,NA,"Ireland",2020-08-01,63
1,NA,NA,NA,NA,NA,NA,1000,1,NA,NA,NA,NA,NA,NA,1000,NA,"Lithuania",2020-08-01,63
4,0.367125691024171,0.922096528295065,0.13039923395554,2,-4.25593633057778,0.001998001998002,1000,4,0.573037617220052,1.01076135087013,0.0659291874480791,1,-6.63930120471745,0.000999000999000999,1000,0.298198881409552,"Luxembourg",2020-08-01,63
2,0.156278495895094,1.00537097312991,0.141080897471434,9.5,-6.01847941466871,0.00949050949050949,1000,2,0.156278495895094,1.00233117147895,0.135171076493914,5.5,-6.25912508451426,0.00549450549450549,1000,NA,"Malta",2020-08-01,63
1,NA,NA,NA,NA,NA,NA,1000,1,NA,NA,NA,NA,NA,NA,1000,NA,"Netherlands",2020-08-01,63
3,0.909249713702896,0.949260988649487,0.144915597538015,182,-0.276100541462387,0.181818181818182,1000,3,0.922000169076303,1.00538323205354,0.0931222057208085,140,-0.895415463280905,0.13986013986014,1000,-1.68858687841145,"North Macedonia",2020-08-01,63
1,NA,NA,NA,NA,NA,NA,1000,1,NA,NA,NA,NA,NA,NA,1000,NA,"Norway",2020-08-01,63
2,1.16767495688691,1.00431585102764,0.151137521701153,990.5,1.08086399737507,0.989510489510489,1000,2,1.16767495688691,1.00504142641328,0.147685219379077,995,1.10121738084153,0.994005994005994,1000,NA,"Poland",2020-08-01,63
1,NA,NA,NA,NA,NA,NA,1000,1,NA,NA,NA,NA,NA,NA,1000,NA,"Portugal",2020-08-01,63
1,NA,NA,NA,NA,NA,NA,1000,1,NA,NA,NA,NA,NA,NA,1000,NA,"Romania",2020-08-01,63
2,0.907442260227526,1.01085971245765,0.142405100764511,124,-0.726220140113792,0.123876123876124,1000,2,0.907442260227526,1.01224921954885,0.134525428339446,127.5,-0.779086605521674,0.127372627372627,1000,NA,"Russia",2020-08-01,63
3,0.517836676653512,0.960834220578717,0.124154206247198,28,-3.56812352408886,0.027972027972028,1000,3,0.725451320299574,1.01284949400041,0.0834779421958062,12,-3.44280376517564,0.011988011988012,1000,0.421876640941653,"Serbia",2020-08-01,63
2,0.44974414238618,1.00452231311134,0.144420949415893,17,-3.84139678466972,0.016983016983017,1000,2,0.44974414238618,1.00266850367654,0.142569655395624,18.5,-3.878275217514,0.0184815184815185,1000,NA,"Spain",2020-08-01,63
2,1.08843998420957,1.00692912931131,0.141899189698033,716.5,0.574427909501926,0.715784215784216,1000,2,1.08843998420957,1.01316566112022,0.124078159263102,715.5,0.606668599344233,0.714785214785215,1000,NA,"Sweden",2020-08-01,63
1,NA,NA,NA,NA,NA,NA,1000,1,NA,NA,NA,NA,NA,NA,1000,NA,"Switzerland",2020-08-01,63
2,1.02559845415476,1.01459728128857,0.131363468909667,421,0.0837460593687156,0.420579420579421,1000,2,1.02559845415476,1.01736666526542,0.125330802511481,416.5,0.065680492938591,0.416083916083916,1000,NA,"Turkey",2020-08-01,63
1,NA,NA,NA,NA,NA,NA,1000,1,NA,NA,NA,NA,NA,NA,1000,NA,"Ukraine",2020-08-01,63
3,0.937619698007438,0.96079809498041,0.123757356903822,292.5,-0.187289043276715,0.292207792207792,1000,3,0.947637912943719,1.01149508585293,0.0843164587245894,196,-0.757351220332855,0.195804195804196,1000,-1.73205080756888,"United Kingdom",2020-08-01,63
1,NA,NA,NA,NA,NA,NA,1000,1,NA,NA,NA,NA,NA,NA,1000,NA,"Albania",2020-09-01,80
3,1.14302366711809,1.13688664012158,0.174186893743185,322,0.0352324268756572,0.321678321678322,1000,3,1.18904694406092,1.19693491529957,0.114206548786171,280.5,-0.0690675913289341,0.28021978021978,1000,-1.47331181177149,"Austria",2020-09-01,80
4,0.458381837262039,1.08417674203968,0.180845521758029,5,-3.46038375014315,0.004995004995005,1000,4,0.750942099326873,1.19946502768016,0.0763533034370336,2,-5.87430940330134,0.001998001998002,1000,1.15081160675475,"Belgium",2020-09-01,80
2,0.989975926578609,1.20323361273124,0.173435700005935,35,-1.22960662738601,0.034965034965035,1000,2,0.989975926578609,1.20105841555386,0.1897128076978,49,-1.11264226984341,0.048951048951049,1000,NA,"Bosnia and Herzegovina",2020-09-01,80
2,0.280389506325946,1.19069813031752,0.196442400693443,20.5,-4.63397220140959,0.0204795204795205,1000,2,0.280389506325946,1.20425107021548,0.16779673119986,11,-5.50583767206486,0.010989010989011,1000,NA,"Croatia",2020-09-01,80
5,0.0367290748403775,1.04858526983081,0.175824715289562,1,-5.75491445172556,0.000999000999000999,1000,5,0.80539984350803,1.20085056208491,0.0598065131209619,2,-6.61216810578914,0.001998001998002,1000,2.34247047972821,"Cyprus",2020-09-01,80
2,1.14709146485643,1.20510910978642,0.163830876757544,231,-0.354131321752296,0.230769230769231,1000,2,1.14709146485643,1.19585203556322,0.193735537304524,224.5,-0.251686249127028,0.224275724275724,1000,NA,"Czech Republic",2020-09-01,80
1,NA,NA,NA,NA,NA,NA,1000,1,NA,NA,NA,NA,NA,NA,1000,NA,"Denmark",2020-09-01,80
4,0.668965257373486,1.08780970430108,0.180102643933021,44,-2.32558744158895,0.043956043956044,1000,4,1.06523332800202,1.19808139879307,0.0833425125677377,58,-1.59400126895707,0.0579420579420579,1000,-0.033241684816617,"Finland",2020-09-01,80
1,NA,NA,NA,NA,NA,NA,1000,1,NA,NA,NA,NA,NA,NA,1000,NA,"France",2020-09-01,80
3,1.22408013342041,1.12520211801076,0.197010967997341,659.5,0.501890917113714,0.658841158841159,1000,3,1.27283565080036,1.19270503838315,0.121484943153557,825,0.659592953144244,0.824175824175824,1000,-1.4921416317787,"Germany",2020-09-01,80
1,NA,NA,NA,NA,NA,NA,1000,1,NA,NA,NA,NA,NA,NA,1000,NA,"Hungary",2020-09-01,80
3,0.484681358641789,1.12814822063136,0.197030312646312,13,-3.26582673166975,0.012987012987013,1000,3,0.888108941006673,1.20002107574919,0.102354564146569,12,-3.04736908747784,0.011988011988012,1000,1.45121746051853,"Iceland",2020-09-01,80
1,NA,NA,NA,NA,NA,NA,1000,1,NA,NA,NA,NA,NA,NA,1000,NA,"Ireland",2020-09-01,80
4,0.65355306287654,1.0867617486745,0.182890320452783,34,-2.36868022717367,0.033966033966034,1000,4,1.04092758602386,1.19570589557229,0.0835445816122201,33,-1.85264330207366,0.032967032967033,1000,-0.171602645387138,"Italy",2020-09-01,80
1,NA,NA,NA,NA,NA,NA,1000,1,NA,NA,NA,NA,NA,NA,1000,NA,"Latvia",2020-09-01,80
2,1.06949340424762,1.19812625825218,0.178595714539716,85,-0.72024602794122,0.0849150849150849,1000,2,1.06949340424762,1.19325505512183,0.195243917251444,78.5,-0.633882236212365,0.0784215784215784,1000,NA,"Lithuania",2020-09-01,80
1,NA,NA,NA,NA,NA,NA,1000,1,NA,NA,NA,NA,NA,NA,1000,NA,"Luxembourg",2020-09-01,80
3,0.102305223948633,1.13342056314454,0.184174493759589,1,-5.59857838155302,0.000999000999000999,1000,3,0.175739947353577,1.20149955084629,0.095164054654077,1,-10.7788556006926,0.000999000999000999,1000,1.18013081013149,"Malta",2020-09-01,80
6,1.00861366740598,1.01542879789414,0.161043701456103,403,-0.0423185161949511,0.402597402597403,1000,6,1.21321301375421,1.19752193747398,0.0525584029621577,559,0.298545530227201,0.558441558441558,1000,-2.45987961722833,"Netherlands",2020-09-01,80
2,0.792638637752589,1.18268434505655,0.217553903143266,55,-1.79286926903399,0.0549450549450549,1000,2,0.792638637752589,1.20504602103825,0.174544516572393,34,-2.36276333043444,0.033966033966034,1000,NA,"North Macedonia",2020-09-01,80
3,0.792932589091606,1.13504499936322,0.182220687592951,86,-1.87746196543736,0.0859140859140859,1000,3,0.977428963663594,1.19701793179001,0.107196785555518,73,-2.04846597767329,0.0729270729270729,1000,-0.491441178053095,"Norway",2020-09-01,80
1,NA,NA,NA,NA,NA,NA,1000,1,NA,NA,NA,NA,NA,NA,1000,NA,"Poland",2020-09-01,80
1,NA,NA,NA,NA,NA,NA,1000,1,NA,NA,NA,NA,NA,NA,1000,NA,"Portugal",2020-09-01,80
3,0.568347483215878,1.13398735339276,0.187775418386673,25,-3.01232118153027,0.024975024975025,1000,3,0.848176756137491,1.20057887324226,0.119250506634825,15,-2.95514146689464,0.014985014985015,1000,0.688954559827674,"Romania",2020-09-01,80
2,0.758135726562159,1.20232447861757,0.174973338036115,36,-2.53860820763292,0.035964035964036,1000,2,0.758135726562159,1.20242794468486,0.184587247073711,42,-2.40694969542116,0.041958041958042,1000,NA,"Russia",2020-09-01,80
2,0.506728625447067,1.19793501586619,0.180986634877231,27,-3.8191018407961,0.026973026973027,1000,2,0.506728625447067,1.20009911295245,0.189028517766311,27,-3.66807345102593,0.026973026973027,1000,NA,"Serbia",2020-09-01,80
3,1.17216756511433,1.13201576544851,0.183364835018458,461,0.218972190942566,0.460539460539461,1000,3,1.21090486755808,1.19414080042717,0.122189485810861,382.5,0.137197296638634,0.382117882117882,1000,-1.47450089375099,"Slovakia",2020-09-01,80
1,NA,NA,NA,NA,NA,NA,1000,1,NA,NA,NA,NA,NA,NA,1000,NA,"Slovenia",2020-09-01,80
4,0.684350979899477,1.08532426541456,0.180847612858645,45,-2.21718871030108,0.044955044955045,1000,4,1.04623742212338,1.20037773486507,0.0775364836919641,34,-1.98797140909899,0.033966033966034,1000,-0.40203815367292,"Sweden",2020-09-01,80
2,1.06785649217886,1.19676894100274,0.179364328512705,85.5,-0.71871843132255,0.0854145854145854,1000,2,1.06785649217886,1.19296602058969,0.193549913649203,85,-0.646394131890862,0.0849150849150849,1000,NA,"Turkey",2020-09-01,80
2,1.12602149520035,1.20172629705625,0.178269033944907,172,-0.424666024045955,0.171828171828172,1000,2,1.12602149520035,1.20974726093906,0.158312966439719,184,-0.52886233908447,0.183816183816184,1000,NA,"Ukraine",2020-09-01,80
4,0.430825700840444,1.08838776219624,0.169549335294239,2,-3.87829336054104,0.001998001998002,1000,4,0.741341842569038,1.20061449469203,0.0724938880379247,1,-6.33532928848747,0.000999000999000999,1000,1.33760970035311,"United Kingdom",2020-09-01,80
4,0.632288901826996,1.1453404589382,0.245785908378471,23,-2.08739207424855,0.022977022977023,1000,4,1.17500528826046,1.31425036972174,0.137686855189949,107,-1.01131717526107,0.106893106893107,1000,0.149202342257915,"Austria",2020-10-01,79
1,NA,NA,NA,NA,NA,NA,1000,1,NA,NA,NA,NA,NA,NA,1000,NA,"Belgium",2020-10-01,79
2,1.30282916977444,1.31696114881961,0.270811157585129,237.5,-0.0521838877363513,0.237262737262737,1000,2,1.30282916977444,1.31048933138819,0.290608736256397,227.5,-0.02635902042185,0.227272727272727,1000,NA,"Bosnia and Herzegovina",2020-10-01,79
2,1.21812971622239,1.33882832327352,0.248831833510993,102.5,-0.485060956020308,0.102397602397602,1000,2,1.21812971622239,1.32039158031745,0.282627976944007,125.5,-0.361824987040519,0.125374625374625,1000,NA,"Croatia",2020-10-01,79
3,0.573125554464923,1.22753205645702,0.266410692666214,24,-2.45638226995641,0.023976023976024,1000,3,0.988797341286196,1.32069822979134,0.173763446930934,32,-1.91007311587841,0.031968031968032,1000,1.17969413333776,"Cyprus",2020-10-01,79
1,NA,NA,NA,NA,NA,NA,1000,1,NA,NA,NA,NA,NA,NA,1000,NA,"Czech Republic",2020-10-01,79
1,NA,NA,NA,NA,NA,NA,1000,1,NA,NA,NA,NA,NA,NA,1000,NA,"Denmark",2020-10-01,79
3,0.481210413680022,1.20507613049098,0.273710466038989,12,-2.64464025539982,0.011988011988012,1000,3,0.953313359236139,1.32309976470485,0.168406154929709,25,-2.19580101227926,0.024975024975025,1000,1.73205080756888,"Finland",2020-10-01,79
4,1.37664550595372,1.14943897870879,0.241080908701472,848.5,0.942449273435724,0.847652347652348,1000,4,1.4228964695997,1.32890725268231,0.117832102717088,819,0.797653735697667,0.818181818181818,1000,-2.27508515958627,"Germany",2020-10-01,79
2,1.32335165603331,1.31260079562794,0.285372462008093,238.5,0.0376730828536041,0.238261738261738,1000,2,1.32335165603331,1.31957858005571,0.28104310713749,236,0.0134252571288233,0.235764235764236,1000,NA,"Greece",2020-10-01,79
2,0.336808370478593,1.33106921978374,0.26760594147167,14,-3.71539153367567,0.013986013986014,1000,2,0.336808370478593,1.32789921363557,0.275588652373767,18,-3.59626869473862,0.017982017982018,1000,NA,"Hungary",2020-10-01,79
5,0.328825010411174,1.08658287176091,0.23182945537142,2,-3.26860044654684,0.001998001998002,1000,5,0.661964125528584,1.31957633416345,0.105410652942401,1,-6.2385744730583,0.000999000999000999,1000,1.66425406946962,"Iceland",2020-10-01,79
3,0.401740344077477,1.21226339918475,0.273874003415038,9,-2.95947422902706,0.00899100899100899,1000,3,0.43365544454006,1.32539958502691,0.163435762981098,4,-5.45623628648511,0.003996003996004,1000,-1.34499030986278,"Ireland",2020-10-01,79
5,1.09645733433535,1.0900606133959,0.223052353635866,528,0.0286781145106986,0.527472527472527,1000,5,1.34740402554676,1.32140407569497,0.105206032700905,527,0.247133640384471,0.526473526473527,1000,-1.96473645243049,"Italy",2020-10-01,79
1,NA,NA,NA,NA,NA,NA,1000,1,NA,NA,NA,NA,NA,NA,1000,NA,"Latvia",2020-10-01,79
1,NA,NA,NA,NA,NA,NA,1000,1,NA,NA,NA,NA,NA,NA,1000,NA,"Liechtenstein",2020-10-01,79
4,0.563464028915973,1.13495024199947,0.247901701362843,24,-2.3052936302645,0.023976023976024,1000,4,0.952591544932602,1.32473148777891,0.12985607293172,25,-2.865787748271,0.024975024975025,1000,1.38982178307227,"Lithuania",2020-10-01,79
3,1.32208081972969,1.22970130459731,0.26815274652338,468,0.344503333753186,0.467532467532468,1000,3,1.38786513785302,1.32460982840369,0.167996528187431,496,0.376527480251014,0.495504495504495,1000,-1.38961991647391,"Luxembourg",2020-10-01,79
2,1.22442036317261,1.32011403430749,0.284113995222408,122,-0.336814351788498,0.121878121878122,1000,2,1.22442036317261,1.33196781514244,0.264924169145386,109,-0.405955607284772,0.108891108891109,1000,NA,"Netherlands",2020-10-01,79
1,NA,NA,NA,NA,NA,NA,1000,1,NA,NA,NA,NA,NA,NA,1000,NA,"North Macedonia",2020-10-01,79
1,NA,NA,NA,NA,NA,NA,1000,1,NA,NA,NA,NA,NA,NA,1000,NA,"Norway",2020-10-01,79
1,NA,NA,NA,NA,NA,NA,1000,1,NA,NA,NA,NA,NA,NA,1000,NA,"Poland",2020-10-01,79
1,NA,NA,NA,NA,NA,NA,1000,1,NA,NA,NA,NA,NA,NA,1000,NA,"Portugal",2020-10-01,79
1,NA,NA,NA,NA,NA,NA,1000,1,NA,NA,NA,NA,NA,NA,1000,NA,"Romania",2020-10-01,79
5,0.95037313476746,1.08675941242392,0.225195557123628,274,-0.605634850875782,0.273726273726274,1000,5,1.24235040298508,1.31442055826711,0.110164183202319,172,-0.654206777439341,0.171828171828172,1000,-1.78711698813946,"Serbia",2020-10-01,79
1,NA,NA,NA,NA,NA,NA,1000,1,NA,NA,NA,NA,NA,NA,1000,NA,"Slovakia",2020-10-01,79
2,1.4654891645373,1.32900885423685,0.265482441413665,818.5,0.514084131416424,0.817682317682318,1000,2,1.4654891645373,1.31706470892473,0.281671186097604,826,0.526942275029672,0.825174825174825,1000,NA,"Slovenia",2020-10-01,79
2,0.410435041976143,1.31573090269385,0.278932259060323,25,-3.24557605408388,0.024975024975025,1000,2,0.410435041976143,1.34068063251887,0.251062022710412,16,-3.7052421568981,0.015984015984016,1000,NA,"Spain",2020-10-01,79
5,1.06093666473507,1.08533392695796,0.222298808041446,490,-0.109749856231078,0.48951048951049,1000,5,1.36462426363055,1.31874217691695,0.106185020592706,610,0.43209566149253,0.609390609390609,1000,-1.88019864581889,"Sweden",2020-10-01,79
3,1.35340618077907,1.22668964337698,0.269343194662536,539,0.470464967792689,0.538461538461538,1000,3,1.39487572366003,1.32063608546844,0.163469465958672,543.5,0.454149879038336,0.542957042957043,1000,-1.5084166826526,"Switzerland",2020-10-01,79
3,1.31517526997891,1.23244239013592,0.26117280731691,420,0.316774478526016,0.41958041958042,1000,3,1.38350161616518,1.32419142878888,0.168349765074883,488,0.352303356942128,0.487512487512487,1000,-1.48817032355849,"Turkey",2020-10-01,79
4,0.958167589529864,1.13563890313139,0.249446361397155,297,-0.711460823110457,0.296703296703297,1000,4,1.27110874882449,1.32948204893522,0.114787847102999,229.5,-0.508532057913312,0.229270729270729,1000,-1.18010869534111,"United Kingdom",2020-10-01,79
3,0.273400235448814,1.11245160796009,0.46437363440543,2,-1.80684541572988,0.001998001998002,1000,3,0.341600395881414,1.35368480608874,0.557908936326071,1,-1.81406739399459,0.000999000999000999,1000,-0.414282046925281,"Albania",2021-03-01,360
15,0.452952881639309,0.892679930966621,0.146301355593489,2,-3.00562525578459,0.001998001998002,1000,15,1.18503530455232,1.35292565646439,0.235101686792554,247,-0.714118023577655,0.246753246753247,1000,-0.132497013927026,"Austria",2021-03-01,360
1,NA,NA,NA,NA,NA,NA,1000,1,NA,NA,NA,NA,NA,NA,1000,NA,"Belarus",2021-03-01,360
12,0.622962874272332,0.921539965574901,0.167402788772065,40,-1.78358493005221,0.03996003996004,1000,12,0.743285873501636,1.36122398915313,0.259569018009893,16,-2.38063124940415,0.015984015984016,1000,-4.46231148191211,"Belgium",2021-03-01,360
11,0.466193450915233,0.931953773891478,0.181092003277981,2,-2.57195411473411,0.001998001998002,1000,11,0.832522725194419,1.33302641600142,0.273909401267146,50,-1.82725999360224,0.04995004995005,1000,0.957208340487568,"Bosnia and Herzegovina",2021-03-01,360
13,0.661208501050938,0.90941691279774,0.163347674906249,54,-1.51950991582377,0.0539460539460539,1000,13,0.974574383992201,1.33171843351428,0.253846289204445,117,-1.40693035396092,0.116883116883117,1000,-1.15103198403892,"Bulgaria",2021-03-01,360
12,0.790307183517446,0.931591689397766,0.171783339412457,218,-0.822457558244875,0.217782217782218,1000,12,1.35642999725638,1.34544530453418,0.25780668522408,457,0.0426082539816704,0.456543456543457,1000,0.119820673712596,"Croatia",2021-03-01,360
10,0.653500806336206,0.944051629165717,0.18540503549943,61,-1.56711397857587,0.0609390609390609,1000,10,1.54785582232942,1.35065019858591,0.281077505576404,798,0.701605855435154,0.797202797202797,1000,-0.16947179680518,"Czech Republic",2021-03-01,360
9,0.383573633803988,0.963412982978768,0.20159321013739,1,-2.87628412077772,0.000999000999000999,1000,9,0.550357783819209,1.34383564507804,0.305916588556459,1,-2.59377193307185,0.000999000999000999,1000,-1.87154352541535,"Estonia",2021-03-01,360
10,0.665084550590109,0.938264977684019,0.185316134796242,64,-1.47413190650817,0.0639360639360639,1000,10,1.17978618239246,1.35675056111058,0.2940468411689,241,-0.601823770711647,0.240759240759241,1000,0.790653059461196,"Finland",2021-03-01,360
10,1.04546527515975,0.935084189582539,0.194149075726654,722,0.568537785534522,0.721278721278721,1000,10,1.85064161864478,1.34200103619649,0.287968619306252,967,1.76630559146917,0.966033966033966,1000,-1.13820640527136,"France",2021-03-01,360
15,0.933263182474942,0.897743808576983,0.151919808066932,604,0.233803441104336,0.603396603396603,1000,15,1.54690368800646,1.33539870456995,0.223361530727812,801,0.946917684291181,0.8001998001998,1000,-1.32469954310268,"Germany",2021-03-01,360
10,0.444223518488479,0.944450295703702,0.186157416282967,2,-2.68711710338124,0.001998001998002,1000,10,0.67688526252146,1.35607792053066,0.282795696866556,1,-2.40170789561091,0.000999000999000999,1000,-2.955221050263,"Greece",2021-03-01,360
9,0.629018021187221,0.961082314233888,0.201855260916799,54,-1.64506137486076,0.0539460539460539,1000,9,1.00742218215223,1.35832010115269,0.299608139809784,83,-1.17118953851935,0.0829170829170829,1000,-0.0778537795563588,"Ireland",2021-03-01,360
11,0.686328420165699,0.936146783598184,0.183063040020397,76,-1.36465757044486,0.0759240759240759,1000,11,1.024895238628,1.343460164761,0.274948212862468,181,-1.15863610392822,0.180819180819181,1000,-1.19922911169614,"Italy",2021-03-01,360
13,0.472323459107044,0.89965149439486,0.157746270139844,1,-2.70895809396308,0.000999000999000999,1000,13,1.75132017613628,1.34408866420943,0.252742310429804,948,1.61125183683862,0.947052947052947,1000,0.601717405155069,"Latvia",2021-03-01,360
9,0.428260334831116,0.958311380567929,0.204037131704687,1,-2.59781659008999,0.000999000999000999,1000,9,1.44081063766098,1.34479134611595,0.304221808056648,617,0.315622644406686,0.616383616383616,1000,2.31603058790364,"Lithuania",2021-03-01,360
16,0.400609564831115,0.890256924511879,0.141111849185425,1,-3.46992376974207,0.000999000999000999,1000,16,1.42023767570225,1.35701374625207,0.229702332103615,635,0.275242871376955,0.634365634365634,1000,0.208323111350803,"Luxembourg",2021-03-01,360
3,0.487590444945909,1.1195031863582,0.474977297330305,6,-1.33040620038908,0.00599400599400599,1000,3,0.593535792840157,1.30732127647625,0.55085359273248,10,-1.29578075382134,0.00999000999000999,1000,-0.495375765611854,"Moldova",2021-03-01,360
9,0.733484947139838,0.949546368877829,0.200934873379759,130,-1.07528085147093,0.12987012987013,1000,9,1.0246503976625,1.35475589645826,0.312512170487759,112,-1.05629645808846,0.111888111888112,1000,-0.591541597712924,"Netherlands",2021-03-01,360
12,0.753399353436009,0.930088429664123,0.168398255795102,162,-1.04923341036916,0.161838161838162,1000,12,1.16492470208347,1.33940977188466,0.276691443751705,221,-0.630612452034336,0.220779220779221,1000,-0.413437328443397,"North Macedonia",2021-03-01,360
10,0.499167947788465,0.942446586934487,0.18590694933458,3,-2.38441134520607,0.002997002997003,1000,10,1.38674651301024,1.35057099942922,0.290316462853744,548,0.124607172550319,0.547452547452547,1000,0.581962983391238,"Norway",2021-03-01,360
9,0.773519922033984,0.944709901033183,0.207182216909998,221,-0.826277378205514,0.220779220779221,1000,9,1.04871699977669,1.33708082509871,0.314136500587577,179,-0.917957081659237,0.178821178821179,1000,-1.30847892871847,"Poland",2021-03-01,360
12,0.961773760109755,0.929809862157229,0.178415221902146,586,0.179154545289061,0.585414585414585,1000,12,1.513781449837,1.35512611358765,0.259350656841016,669,0.61174063787548,0.668331668331668,1000,-1.34612491718618,"Portugal",2021-03-01,360
11,0.741583857552624,0.93136666888718,0.18491800059218,157,-1.02630793501334,0.156843156843157,1000,11,1.17470596609249,1.33402147843517,0.280914339874589,242,-0.567132003349486,0.241758241758242,1000,-0.00605241868322504,"Romania",2021-03-01,360
12,1.21586383112799,0.919621310009498,0.169587600248076,954,1.746840692864,0.953046953046953,1000,12,1.88135835994848,1.357212599422,0.265511166577004,985,1.97410062741924,0.984015984015984,1000,-2.13775139049477,"Russia",2021-03-01,360
13,0.632510797843889,0.915295836729944,0.169981630934964,42,-1.66362116500842,0.041958041958042,1000,13,0.908864391435472,1.34416607345097,0.262048228352966,40,-1.66115102075473,0.03996003996004,1000,-0.926821778025186,"Serbia",2021-03-01,360
14,0.541289169609578,0.908037970792477,0.156412752766346,6,-2.34474999446343,0.00599400599400599,1000,14,0.829773527552976,1.35003571278728,0.244705240563337,18,-2.12607700610174,0.017982017982018,1000,-0.769554238064371,"Slovakia",2021-03-01,360
16,0.561276631441615,0.888079496662862,0.146808491029228,10,-2.22604879956286,0.00999000999000999,1000,16,1.53893917064916,1.34028293560664,0.230141026564196,822,0.863193486221387,0.821178821178821,1000,-1.84138767881025,"Slovenia",2021-03-01,360
8,1.07610566776449,0.961452661611514,0.222206903605471,733,0.515974095730831,0.732267732267732,1000,8,1.46054091316663,1.35245962026964,0.310457334840676,685,0.348135736436865,0.684315684315684,1000,-0.821406218145472,"Spain",2021-03-01,360
8,0.777109355569451,0.97033628292573,0.211150158416629,169,-0.91511618463963,0.168831168831169,1000,8,1.13173480275637,1.34864406475318,0.32801713665325,357,-0.661274176739461,0.356643356643357,1000,-0.633399348137188,"Sweden",2021-03-01,360
7,0.661153020678674,0.995474143825748,0.233004613834635,86,-1.43482619354629,0.0859140859140859,1000,7,0.768345050116555,1.34448289996461,0.341491060835588,110,-1.68712424986562,0.10989010989011,1000,-3.27844205529213,"Switzerland",2021-03-01,360
12,1.05489087196198,0.922052083529753,0.172980671056778,801,0.767940068798917,0.8001998001998,1000,12,2.03573237655858,1.36301533054665,0.272620767689531,1000,2.46759280928314,0.999000999000999,1000,-1.83247350837932,"Turkey",2021-03-01,360
7,0.106336801394231,0.981941009701661,0.243113033320778,1,-3.60163417134492,0.000999000999000999,1000,7,0.641916903882702,1.33725975243307,0.344517905608806,1,-2.01830684916537,0.000999000999000999,1000,0.641476027350673,"Ukraine",2021-03-01,360
8,0.733411224582653,0.972608411217839,0.214401389198469,121,-1.11565129092407,0.120879120879121,1000,8,0.775124569779028,1.36326475950164,0.319370747160294,89,-1.8415593630666,0.0889110889110889,1000,-4.16824410214022,"United Kingdom",2021-03-01,360
1,NA,NA,NA,NA,NA,NA,1000,1,NA,NA,NA,NA,NA,NA,1000,NA,"Austria",2020-11-01,78
1,NA,NA,NA,NA,NA,NA,1000,1,NA,NA,NA,NA,NA,NA,1000,NA,"Belarus",2020-11-01,78
1,NA,NA,NA,NA,NA,NA,1000,1,NA,NA,NA,NA,NA,NA,1000,NA,"Belgium",2020-11-01,78
2,1.59936894595808,1.48219447450847,0.260562897056135,698.5,0.449697454140464,0.697802197802198,1000,2,1.59936894595808,1.48627916528538,0.25258577446804,712,0.447728225830903,0.711288711288711,1000,NA,"Bosnia and Herzegovina",2020-11-01,78
1,NA,NA,NA,NA,NA,NA,1000,1,NA,NA,NA,NA,NA,NA,1000,NA,"Croatia",2020-11-01,78
3,0.164531866385384,1.38391883014701,0.258698843607772,1,-4.71353851743694,0.000999000999000999,1000,3,0.169085600447337,1.48513254709554,0.153581108418637,1,-8.56906790294071,0.000999000999000999,1000,-1.73205080756888,"Cyprus",2020-11-01,78
2,1.5993689459583,1.49268393667965,0.244836634346012,716,0.435739567992435,0.715284715284715,1000,2,1.5993689459583,1.48365356520366,0.262132693594514,725.5,0.441438186011386,0.724775224775225,1000,NA,"Denmark",2020-11-01,78
3,1.5278372920568,1.37762343566212,0.269643078725305,621,0.557084042745657,0.62037962037962,1000,3,1.59183627019138,1.49330559049208,0.144689588769154,827.5,0.680979748007278,0.826673326673327,1000,-1.49584742754578,"Finland",2020-11-01,78
1,NA,NA,NA,NA,NA,NA,1000,1,NA,NA,NA,NA,NA,NA,1000,NA,"France",2020-11-01,78
2,1.58843998420957,1.4772228215495,0.263076118351114,631.5,0.422756589830915,0.630869130869131,1000,2,1.58843998420957,1.46935920840104,0.283704449377574,636.5,0.419735312822146,0.635864135864136,1000,NA,"Germany",2020-11-01,78
3,0.720564783049895,1.40915755112627,0.243457646717323,18,-2.82838833514189,0.017982017982018,1000,3,1.13947506122531,1.48725485609178,0.15643706805899,25,-2.22312907791986,0.024975024975025,1000,0.810995018180939,"Iceland",2020-11-01,78
2,1.65401375470128,1.48952902967309,0.255188612661309,969.5,0.644561382707522,0.968531468531469,1000,2,1.65401375470128,1.47108467682684,0.273570002781478,960,0.668673743519166,0.959040959040959,1000,NA,"Ireland",2020-11-01,78
2,1.5911722246467,1.48046159241403,0.265536460744174,636,0.416931941935195,0.635364635364635,1000,2,1.5911722246467,1.4808727991683,0.269853085911711,663.5,0.408738796170302,0.662837162837163,1000,NA,"Italy",2020-11-01,78
1,NA,NA,NA,NA,NA,NA,1000,1,NA,NA,NA,NA,NA,NA,1000,NA,"Kosovo",2020-11-01,78
1,NA,NA,NA,NA,NA,NA,1000,1,NA,NA,NA,NA,NA,NA,1000,NA,"Latvia",2020-11-01,78
3,0.727353766631268,1.37950445184781,0.266753836119134,29,-2.44476591116494,0.028971028971029,1000,3,1.16290598288848,1.48798168667212,0.146548201027703,39,-2.21821695185592,0.038961038961039,1000,0.854503642426961,"Lithuania",2020-11-01,78
2,0.756238456747496,1.47490665867653,0.274157048847609,57.5,-2.62137415379208,0.0574425574425574,1000,2,0.756238456747496,1.48013831791286,0.267807542197631,60.5,-2.70306002297409,0.0604395604395604,1000,NA,"Luxembourg",2020-11-01,78
2,0.354199937579779,1.49012019536262,0.246650420797419,6.5,-4.60538544434839,0.00649350649350649,1000,2,0.354199937579779,1.48871216949964,0.266791467422341,10,-4.25243072007203,0.00999000999000999,1000,NA,"Netherlands",2020-11-01,78
4,0.707656588999043,1.33334440101434,0.228165692800613,10,-2.74225193251146,0.00999000999000999,1000,4,0.977832253537144,1.48882990466407,0.110480360414906,3,-4.62523519300526,0.002997002997003,1000,-0.530092015057401,"North Macedonia",2020-11-01,78
2,1.55838533940073,1.49828109239331,0.240118762682469,380.5,0.250310497755234,0.38011988011988,1000,2,1.55838533940073,1.50123602363372,0.24666159991165,376,0.231691174416602,0.375624375624376,1000,NA,"Norway",2020-11-01,78
2,0,1.49583316766715,0.240106077169868,1,-6.22988466305619,0.000999000999000999,1000,2,0,1.47552171819231,0.276687394886261,2,-5.33281148857129,0.001998001998002,1000,NA,"Poland",2020-11-01,78
3,0.977686709012687,1.39194468622328,0.258394357972235,130,-1.60320055151943,0.12987012987013,1000,3,1.28670633386067,1.48724821850403,0.157180786162451,125.5,-1.27586767784772,0.125374625374625,1000,-0.108894180238543,"Portugal",2020-11-01,78
4,0.0815616968734503,1.32127507730868,0.236759163420045,1,-5.23617908818083,0.000999000999000999,1000,4,1.13714904325767,1.48917474715367,0.111871216420825,24,-3.1467048912008,0.023976023976024,1000,2.0650033083353,"Romania",2020-11-01,78
3,1.03289480094744,1.38958964356078,0.254643932578559,146,-1.40075924449252,0.145854145854146,1000,3,1.23337435936704,1.4912336357266,0.146465887956371,76,-1.76054151555328,0.0759240759240759,1000,-0.405170400941795,"Russia",2020-11-01,78
3,1.31885058699731,1.38141099847848,0.260921732263948,240,-0.239766963596114,0.23976023976024,1000,3,1.39326246490676,1.48401461341785,0.147882267339064,228,-0.613678368232042,0.227772227772228,1000,-1.44428375861575,"Serbia",2020-11-01,78
3,1.51880213120497,1.39592969834963,0.244730146540058,589,0.50207313889395,0.588411588411588,1000,3,1.57183599395497,1.48929354813822,0.149538264586235,703,0.551982103344199,0.702297702297702,1000,-1.4408136352146,"Slovakia",2020-11-01,78
4,1.06829452668853,1.33881714264883,0.226373770052215,159,-1.19502633144247,0.158841158841159,1000,4,1.4214333927226,1.4962456377127,0.102920355366468,189,-0.726894546017804,0.188811188811189,1000,-1.15798311662349,"Slovenia",2020-11-01,78
4,0.403978865291606,1.31944183550443,0.247942882942585,3,-3.69223330530047,0.002997002997003,1000,4,0.697839924265547,1.48394295454793,0.112233890682372,1,-7.0041502214968,0.000999000999000999,1000,0.231286063118749,"Spain",2020-11-01,78
3,1.46544849402289,1.38333612842522,0.252898891257048,424,0.324684561444817,0.423576423576424,1000,3,1.51829214439855,1.49158923980459,0.147335637224158,359,0.18123859981908,0.358641358641359,1000,-1.50228203552417,"Sweden",2020-11-01,78
7,0.52485141270001,1.16980670586794,0.190730896699092,1,-3.38149353004642,0.000999000999000999,1000,7,1.27632474246771,1.48181551361517,0.0749007876443932,21,-2.74350614472933,0.020979020979021,1000,0.190034402495797,"Switzerland",2020-11-01,78
1,NA,NA,NA,NA,NA,NA,1000,1,NA,NA,NA,NA,NA,NA,1000,NA,"Turkey",2020-11-01,78
2,1.56384982027498,1.46603878337167,0.290972078132425,460.5,0.336152656059298,0.46003996003996,1000,2,1.56384982027498,1.49283942130017,0.251206625157893,452.5,0.282677253954517,0.452047952047952,1000,NA,"United Kingdom",2020-11-01,78
3,0.118099372684355,1.51657918768734,0.3470077704475,1,-4.03011094881107,0.000999000999000999,1000,3,0.236198745368711,1.65733544131232,0.225229952515536,2,-6.30971449432589,0.001998001998002,1000,1.73205080756888,"Albania",2020-12-01,284
8,0.969275332783354,1.1314830890839,0.219264678919421,244,-0.739780602602931,0.243756243756244,1000,8,1.56617156874796,1.65990137407431,0.0863503203004612,127,-1.08545984543209,0.126873126873127,1000,-1.60370667989535,"Austria",2020-12-01,284
1,NA,NA,NA,NA,NA,NA,1000,1,NA,NA,NA,NA,NA,NA,1000,NA,"Belarus",2020-12-01,284
17,0.479137111195836,0.934918186473305,0.141317910186737,1,-3.22521805392679,0.000999000999000999,1000,17,1.63701857153164,1.6556219252152,0.0527709537947481,289,-0.352530177034861,0.288711288711289,1000,-0.390696884436018,"Belgium",2020-12-01,284
3,1.4253415950224,1.50997970809895,0.358222412340779,357,-0.236272522770108,0.356643356643357,1000,3,1.58885800273068,1.6661412194929,0.229015779104376,309,-0.337458043565626,0.308691308691309,1000,-1.13645091004485,"Bosnia and Herzegovina",2020-12-01,284
8,0.703776225447882,1.15167967973884,0.227000099251834,26,-1.97314210772242,0.025974025974026,1000,8,1.07195268123474,1.66085009288735,0.0889637502434292,2,-6.61952098513407,0.001998001998002,1000,-0.284642828642062,"Bulgaria",2020-12-01,284
4,1.08006031604259,1.41899513828388,0.321876887421658,177,-1.05299521489806,0.176823176823177,1000,4,1.58018228061284,1.66574265401909,0.160704991702144,208,-0.532406445500041,0.207792207792208,1000,-0.494729697009184,"Croatia",2020-12-01,284
2,0.523569391622004,1.6605408255089,0.379656271264677,38,-2.99473897823291,0.037962037962038,1000,2,0.523569391622004,1.65352674656291,0.37298566311294,33.5,-3.0294927303915,0.0334665334665335,1000,NA,"Cyprus",2020-12-01,284
5,0.70509636831348,1.32869646191534,0.284494940827415,18,-2.19195494931544,0.017982017982018,1000,5,1.06705311167912,1.66289995592322,0.121691445021515,5,-4.89637413820468,0.004995004995005,1000,0.494558412555898,"Czech Republic",2020-12-01,284
2,0.270219484971904,1.64537621879381,0.387347655964772,8,-3.55018731273018,0.00799200799200799,1000,2,0.270219484971904,1.64451449610609,0.378683314768527,7,-3.62914065008181,0.00699300699300699,1000,NA,"Denmark",2020-12-01,284
3,1.66087863393735,1.51873385666342,0.371501282254712,393,0.382622575112593,0.392607392607393,1000,3,1.7193769775616,1.64969681596349,0.229141988554149,399,0.304091633479217,0.398601398601399,1000,-1.45130651475472,"Estonia",2020-12-01,284
14,0.48841387653988,0.980239664270985,0.164753784003314,2,-2.98521694482727,0.001998001998002,1000,14,1.57381268624023,1.65714109739847,0.0580185429808614,79,-1.43623756952552,0.0789210789210789,1000,-0.0870628753111529,"Finland",2020-12-01,284
12,0.941160663082352,1.03564443387861,0.171765307871395,295,-0.550074819922333,0.294705294705295,1000,12,1.53287411763912,1.65628598857866,0.0623338106237298,42,-1.97985442739102,0.041958041958042,1000,-1.72432386978563,"France",2020-12-01,284
8,0.948228461840017,1.15101745460086,0.222355249079858,194,-0.912004522492792,0.193806193806194,1000,8,1.6337136572521,1.6571831991205,0.0905150539528066,343,-0.259288823720222,0.342657342657343,1000,-1.65745971864431,"Germany",2020-12-01,284
3,0.118099372684355,1.50358927347073,0.354283859528772,1,-3.91067745120875,0.000999000999000999,1000,3,0.236198745368711,1.66447708992122,0.215063861173541,1,-6.64118246905273,0.000999000999000999,1000,1.73205080756888,"Greece",2020-12-01,284
1,NA,NA,NA,NA,NA,NA,1000,1,NA,NA,NA,NA,NA,NA,1000,NA,"Hungary",2020-12-01,284
8,0.440187325871591,1.14863079053849,0.223013773169222,3,-3.17668032157519,0.002997002997003,1000,8,1.29787744839378,1.6578373251643,0.0879799049970309,4,-4.09138742287423,0.003996003996004,1000,0.549670163034455,"Iceland",2020-12-01,284
10,0.216824426948506,1.07051477790627,0.198258923153567,1,-4.30593658726028,0.000999000999000999,1000,10,1.25194791349419,1.65465931726605,0.0760963214002889,2,-5.292127087898,0.001998001998002,1000,1.59464119506863,"Ireland",2020-12-01,284
10,0.614671785513292,1.0712468597122,0.20539600742261,9,-2.22290140849469,0.00899100899100899,1000,10,1.39300335106721,1.65671971162575,0.0701777213267745,7,-3.75783589966654,0.00699300699300699,1000,0.53648952160756,"Italy",2020-12-01,284
5,0.835393762461354,1.31964079572144,0.295813129208394,71,-1.6370031802035,0.0709290709290709,1000,5,1.41802810265822,1.6522652513499,0.139970799093552,68,-1.67347153983971,0.0679320679320679,1000,-0.00301746089052867,"Kosovo",2020-12-01,284
1,NA,NA,NA,NA,NA,NA,1000,1,NA,NA,NA,NA,NA,NA,1000,NA,"Latvia",2020-12-01,284
7,0.0303651420677592,1.20197049761525,0.254272380339045,1,-4.60767840370741,0.000999000999000999,1000,7,0.0613575933208873,1.66093458782632,0.0935919439316711,1,-17.0909688089526,0.000999000999000999,1000,-1.34877902427094,"Liechtenstein",2020-12-01,284
5,0.352770636450487,1.32662407802476,0.297912080935866,2,-3.26892900252649,0.001998001998002,1000,5,0.487454888009552,1.65824076125817,0.127373876803772,1,-9.1917267702568,0.000999000999000999,1000,-1.39494439854144,"Lithuania",2020-12-01,284
14,0.563634801698689,0.970819940546167,0.152335282161972,5,-2.67295358677666,0.004995004995005,1000,14,1.45739086944532,1.65431135281777,0.0589031692116599,10,-3.34312204263311,0.00999000999000999,1000,-0.177360375167504,"Luxembourg",2020-12-01,284
9,1.00551286627448,1.10880201600174,0.210370817163721,305,-0.490986112616924,0.304695304695305,1000,9,1.59292138798612,1.65768425013442,0.0813115990007435,177,-0.79647753757385,0.176823176823177,1000,-1.77766438165204,"Netherlands",2020-12-01,284
1,NA,NA,NA,NA,NA,NA,1000,1,NA,NA,NA,NA,NA,NA,1000,NA,"North Macedonia",2020-12-01,284
14,0.390402756879796,0.972392565930242,0.15387400813382,1,-3.78224897179714,0.000999000999000999,1000,14,1.55850777126487,1.65754590669047,0.0582560776595286,67,-1.70004812209327,0.0669330669330669,1000,0.856580958103052,"Norway",2020-12-01,284
4,1.67623515313835,1.40257390937035,0.32364120792081,669,0.845569838050288,0.668331668331668,1000,4,1.75978154325139,1.65683301468371,0.166918739020088,654,0.616758365010716,0.653346653346653,1000,-2.18634694555774,"Poland",2020-12-01,284
13,0.237607644236085,0.999631436736779,0.166578748406887,1,-4.57455587695596,0.000999000999000999,1000,13,1.23032074686066,1.65462717794495,0.0600701454398496,1,-7.0635159608389,0.000999000999000999,1000,0.757783909421981,"Portugal",2020-12-01,284
6,1.04612329246819,1.253073142944,0.263394535352739,244,-0.78570290077836,0.243756243756244,1000,6,1.40908838845744,1.65710154691562,0.110353591078684,37,-2.24744075869122,0.036963036963037,1000,-1.38986062359959,"Romania",2020-12-01,284
8,1.3429615669798,1.1459589799048,0.225561591098187,793,0.87338711398448,0.792207792207792,1000,8,1.68846770156427,1.65571295599552,0.0873678207350979,588,0.3749062903614,0.587412587412587,1000,-2.72088748915256,"Serbia",2020-12-01,284
2,1.8179481809309,1.64642607846354,0.372635752528306,491,0.460294272097067,0.49050949050949,1000,2,1.8179481809309,1.66726861166992,0.357596204674315,475.5,0.421367920831856,0.475024975024975,1000,NA,"Slovakia",2020-12-01,284
17,0.285084669425059,0.920442504371406,0.134292012198187,1,-4.73116624396611,0.000999000999000999,1000,17,0.861375794883359,1.65374901063278,0.0516848274364334,1,-15.3308670078071,0.000999000999000999,1000,0.836757760135916,"Slovenia",2020-12-01,284
10,0.59445699274911,1.06778256216835,0.191992369148925,5,-2.46533532305177,0.004995004995005,1000,10,0.956727431841561,1.65739852958655,0.0727712739745277,1,-9.62840224551027,0.000999000999000999,1000,-2.30528717003656,"Spain",2020-12-01,284
10,1.12562264914536,1.07064064900807,0.20303433597824,608,0.270801487208478,0.607392607392607,1000,10,1.67800279725428,1.65992469290462,0.0759761297619746,527,0.237944528186676,0.526473526473527,1000,-2.6326865135929,"Sweden",2020-12-01,284
13,0.888366127471989,0.996580343498321,0.164006759473021,270,-0.659815585491969,0.26973026973027,1000,13,1.67747242106187,1.658765413381,0.0584363546395375,578,0.320126191927297,0.577422577422577,1000,-2.42640728222051,"Switzerland",2020-12-01,284
10,1.02801072463092,1.0726071995525,0.200897018920826,416,-0.221986743064405,0.415584415584416,1000,10,1.64615505832109,1.65558261843957,0.0732103518601372,381,-0.128773593883233,0.380619380619381,1000,-2.44631473236879,"Turkey",2020-12-01,284
1,NA,NA,NA,NA,NA,NA,1000,1,NA,NA,NA,NA,NA,NA,1000,NA,"Ukraine",2020-12-01,284
12,0.393465889277858,1.0225992453309,0.174316277972952,1,-3.60914863126357,0.000999000999000999,1000,12,0.971619144564663,1.65695982116794,0.0641512211220885,1,-10.6832054731894,0.000999000999000999,1000,0.192613165676812,"United Kingdom",2020-12-01,284
